{
  "feature_names": [
    "calibrated_msp",
    "local_disagreement",
    "probability_margin"
  ],
  "mean": [
    0.17380544544504115,
    0.008411380610080134,
    0.2787797829774431
  ],
  "scale": [
    0.17457995031608364,
    0.05220379853997121,
    0.29121243003309005
  ],
  "coefficients": [
    0.183830247892754,
    -0.04513903232860044,
    0.7529298484630442
  ],
  "intercept": -1.7704546420778455,
  "sample_count": 1300130,
  "error_rate": 0.1807903825002115,
  "c": 1.0
}