{
  "raw": 1.0,
  "clean_global": 2.197198903975547,
  "pooled": 2.28497280189414,
  "per_degradation": {
    "clean": 2.197198903975547,
    "color_attenuation": 2.1902632567306903,
    "turbidity": 2.2493760364147004,
    "lowlight": 2.328063259646498,
    "blur": 2.3930363424804875
  }
}