{
  "target_alpha": 0.1,
  "global_crc": {
    "coverage": 0.22,
    "index": 21,
    "empirical_risk": 0.09754440930256408,
    "corrected_risk": 0.09931740653379677,
    "alpha": 0.1,
    "sample_count": 508,
    "monotonic_direction": "increasing"
  },
  "quality_group_crc": {
    "20260722": {
      "groups": {
        "0": {
          "coverage": 0.17,
          "index": 16,
          "empirical_risk": 0.09700007986954755,
          "corrected_risk": 0.09893369854220377,
          "alpha": 0.1,
          "sample_count": 466,
          "monotonic_direction": "increasing"
        },
        "1": {
          "coverage": 0.19,
          "index": 18,
          "empirical_risk": 0.09755286765057485,
          "corrected_risk": 0.09966138898783986,
          "alpha": 0.1,
          "sample_count": 427,
          "monotonic_direction": "increasing"
        },
        "2": {
          "coverage": 0.25,
          "index": 24,
          "empirical_risk": 0.096563063513815,
          "corrected_risk": 0.09836633085211076,
          "alpha": 0.1,
          "sample_count": 500,
          "monotonic_direction": "increasing"
        }
      },
      "cluster_counts": {
        "0": 466,
        "1": 427,
        "2": 500
      },
      "fallback": {
        "coverage": 0.22,
        "index": 21,
        "empirical_risk": 0.09754440930256408,
        "corrected_risk": 0.09931740653379677,
        "alpha": 0.1,
        "sample_count": 508,
        "monotonic_direction": "increasing"
      }
    },
    "20260723": {
      "groups": {
        "0": {
          "coverage": 0.17,
          "index": 16,
          "empirical_risk": 0.09649113198404423,
          "corrected_risk": 0.0984258404808664,
          "alpha": 0.1,
          "sample_count": 466,
          "monotonic_direction": "increasing"
        },
        "1": {
          "coverage": 0.25,
          "index": 24,
          "empirical_risk": 0.09637753925430761,
          "corrected_risk": 0.098184784175799,
          "alpha": 0.1,
          "sample_count": 499,
          "monotonic_direction": "increasing"
        },
        "2": {
          "coverage": 0.18,
          "index": 17,
          "empirical_risk": 0.095969594823927,
          "corrected_risk": 0.09808676204916371,
          "alpha": 0.1,
          "sample_count": 426,
          "monotonic_direction": "increasing"
        }
      },
      "cluster_counts": {
        "0": 466,
        "1": 499,
        "2": 426
      },
      "fallback": {
        "coverage": 0.22,
        "index": 21,
        "empirical_risk": 0.09754440930256408,
        "corrected_risk": 0.09931740653379677,
        "alpha": 0.1,
        "sample_count": 508,
        "monotonic_direction": "increasing"
      }
    },
    "20260724": {
      "groups": {
        "0": {
          "coverage": 0.19,
          "index": 18,
          "empirical_risk": 0.0976358389213795,
          "corrected_risk": 0.09974416640053516,
          "alpha": 0.1,
          "sample_count": 427,
          "monotonic_direction": "increasing"
        },
        "1": {
          "coverage": 0.25,
          "index": 24,
          "empirical_risk": 0.0963885100759517,
          "corrected_risk": 0.0981957330557998,
          "alpha": 0.1,
          "sample_count": 499,
          "monotonic_direction": "increasing"
        },
        "2": {
          "coverage": 0.17,
          "index": 16,
          "empirical_risk": 0.09691586410240956,
          "corrected_risk": 0.09884966310861425,
          "alpha": 0.1,
          "sample_count": 466,
          "monotonic_direction": "increasing"
        }
      },
      "cluster_counts": {
        "0": 427,
        "1": 499,
        "2": 466
      },
      "fallback": {
        "coverage": 0.22,
        "index": 21,
        "empirical_risk": 0.09754440930256408,
        "corrected_risk": 0.09931740653379677,
        "alpha": 0.1,
        "sample_count": 508,
        "monotonic_direction": "increasing"
      }
    }
  },
  "fit_split": "calibration",
  "evaluation_split": "confirmation",
  "confirmation_opened": false,
  "official_suim_test_evaluated": false
}
