seed,coverage_improvement,coverage_ci95_low,coverage_ci95_high,global_aggregate_risk,quality_aggregate_risk,global_lowlight_s3_risk,quality_lowlight_s3_risk,worst_group_risk_excess_delta,clusters
20260722,-0.016268252295649627,-0.017952054794520618,-0.014509935270209311,0.07400478422641754,0.07132139056921005,0.08157864958047867,0.07573147118091583,-0.004663705825805664,511
20260723,-0.021421044708715996,-0.023246161372873754,-0.019238258317025494,0.07400478422641754,0.07052399218082428,0.08157864958047867,0.07573147118091583,-0.0062159523367881775,511
20260724,-0.01638265843745303,-0.018062772843594834,-0.01475673641427073,0.07400478422641754,0.07131419330835342,0.08157864958047867,0.07573147118091583,-0.004655621945858002,511
