split,condition,degradation_type,severity,boundary_radius,score,region,pixels,error_rate,error_auroc,error_auprc,aurc,oracle_aurc,eaurc,unique_score_count,tie_group_count,largest_tie_group,tied_pixel_fraction,score_dtype,sort_seconds,metric_seconds,risk_at_90_coverage,risk_at_80_coverage,risk_at_70_coverage,top_5_uncertainty_precision,top_5_uncertainty_recall,top_10_uncertainty_precision,top_10_uncertainty_recall,top_20_uncertainty_precision,top_20_uncertainty_recall,peak_process_rss_mb
confirmation,clean,clean,0,3,raw_msp,full,75350016.0,0.2092953901960684,0.7646053609754984,0.4428654507832527,0.0933854890493208,0.0236135783824398,0.0697719106668809,7196364.0,5769662.0,416818.0,0.9810656709084176,float32,9.234664599993266,1.2543821000726894,0.1744985531596505,0.1454380845106984,0.1190984656520696,0.55849797164398,0.133423388056701,0.5224668818933292,0.2496313507618793,0.4647246443995635,0.4440849544124119,4761.6640625
confirmation,clean,clean,0,3,raw_msp,boundary,7003338.0,0.414973973839332,0.5908985823602331,0.504945940349015,0.3657530239926333,0.1013421392499208,0.2644108847427124,3922416.0,1542970.0,1570.0,0.6602411592871856,float32,9.234664599993266,0.5796619000611827,0.397275505889651,0.3825866269855931,0.3687121060832823,0.6046886200013136,0.0728586406386615,0.5742602815228163,0.138384689576055,0.5445233988354128,0.2624374484507792,4761.6640625
confirmation,clean,clean,0,3,raw_msp,interior,68346678.0,0.188219945379057,0.769857224741682,0.4265611540258665,0.0814222150933753,0.0189428241800958,0.0624793909132794,6778360.0,5056226.0,415248.0,0.97480295969908,float32,9.234664599993266,0.959551400039345,0.1527923453611593,0.1247828678629586,0.1006827651777414,0.5484433186805855,0.1456921405499662,0.5070683546213007,0.2694020383643405,0.441968261418599,0.4696295851766908,4761.6640625
confirmation,clean,clean,0,3,calibrated_msp,full,75350016.0,0.2092953901960684,0.7634811680279818,0.4428999555493746,0.0937095594154837,0.0236135783824398,0.0700959810330438,9115570.0,8230786.0,80.0,0.9882576799983692,float32,7.97928009997122,1.3752610000083223,0.1742259506179487,0.1458003787635667,0.1195718347195154,0.5636420534460376,0.1346522928286396,0.524920389114453,0.2508036208960046,0.4632754335276644,0.4427001069511528,4761.6640625
confirmation,clean,clean,0,3,calibrated_msp,boundary,7003338.0,0.414973973839332,0.5931433489970412,0.5075089766072038,0.3643221532277916,0.1013421392499208,0.2629800139778707,4572476.0,1664736.0,13.0,0.5848065593863955,float32,7.97928009997122,0.6787216000957415,0.3963122351957518,0.3818757160647127,0.3681997994017955,0.6100460637353035,0.0735041564543151,0.5829304303375247,0.1404740136872751,0.5473673989839134,0.2638081372842847,4761.6640625
confirmation,clean,clean,0,3,calibrated_msp,interior,68346678.0,0.188219945379057,0.7682831846134495,0.4257688913804409,0.0817924102231974,0.0189428241800958,0.0628495860431016,8856079.0,7804033.0,80.0,0.9846072109020426,float32,7.97928009997122,1.3144183999393135,0.1526381733804801,0.1253092802991542,0.1013818869172065,0.5516578127862246,0.1465460602005191,0.5084559191463287,0.2701392421515572,0.4398626056159567,0.4673921433795224,4761.6640625
confirmation,clean,clean,0,3,entropy,full,75350016.0,0.2092953901960684,0.7460728843884589,0.4026645754305731,0.0978399732121735,0.0236135783824398,0.0742263948297336,27331638.0,17584884.0,24.0,0.8706469551380055,float32,7.449143500067294,4.528525500092655,0.1817264346087498,0.1559122041381725,0.1300994111063999,0.4901134730952958,0.1170865489808731,0.4574159664751545,0.2185504374123301,0.4228281201211666,0.4040491691395019,4761.6640625
confirmation,clean,clean,0,3,entropy,boundary,7003338.0,0.414973973839332,0.5664186849085645,0.4781171654925574,0.376857180131003,0.1013421392499208,0.2755150408810821,5030494.0,1430246.0,11.0,0.485923997956403,float32,7.449143500067294,0.7528862999752164,0.4022402013008081,0.3922279212896848,0.3824378046633677,0.5576453520748671,0.0671904199396945,0.5295787438565027,0.1276173756616451,0.50595787152987,0.2438504811948786,4761.6640625
confirmation,clean,clean,0,3,entropy,interior,68346678.0,0.188219945379057,0.751171953650985,0.3826630915487484,0.0854553015707694,0.0189428241800958,0.0665124773906736,26787527.0,16743440.0,22.0,0.8530420600691082,float32,7.449143500067294,4.477501299930736,0.1606378630671008,0.1353715560026389,0.1100828496734348,0.4684710947188654,0.1244477856701321,0.4364586546120455,0.2318875752008985,0.3996134852490274,0.4246239644135107,4761.6640625
confirmation,clean,clean,0,3,probability_margin,full,75350016.0,0.2092953901960684,0.763669455829341,0.4356537868254909,0.0935660825672082,0.0236135783824398,0.0699525041847684,15676044.0,13429322.0,128.0,0.9701828596824718,float32,7.540542599977925,2.268413499929011,0.1749188804278816,0.1455602705327883,0.11923032646196,0.5464169485290118,0.1305372700812934,0.5186840030035825,0.2478239153056949,0.4642358754516588,0.4436178930276452,4761.6640625
confirmation,clean,clean,0,3,probability_margin,boundary,7003338.0,0.414973973839332,0.5893182702646146,0.4963370199469497,0.3661995025159992,0.1013421392499208,0.2648573632660783,5206670.0,1363931.0,27.0,0.45129893773512,float32,7.540542599977925,0.7521967999637127,0.3989390774717773,0.3840104121766207,0.3696071213926474,0.5676358232881268,0.0683941670053101,0.559288139659077,0.1347767172492768,0.5388279021152764,0.2596924578221136,4761.6640625
confirmation,clean,clean,0,3,probability_margin,interior,68346678.0,0.188219945379057,0.7688756647638502,0.4196063271036419,0.0815897791247015,0.0189428241800958,0.0626469549446057,15206581.0,12472984.0,101.0,0.9600039522037924,float32,7.540542599977925,2.233617199934088,0.1531173155759775,0.124948829353321,0.1008316111087015,0.5392576626851648,0.1432520016354325,0.5041437272446884,0.2678482033250706,0.4413043910838097,0.4689241654052857,4761.6640625
confirmation,clean,clean,0,3,logit_margin,full,75350016.0,0.2092953901960684,0.762275643167668,0.4322009546596828,0.0941660097452846,0.0236135783824398,0.0705524313628448,9716867.0,5122995.0,459.0,0.9390328994754296,float32,7.4181425999850035,1.38681599998381,0.1755673587429961,0.1461651974096289,0.1197981193250901,0.5392901402964839,0.1288346982749621,0.512847702849537,0.2450353682390818,0.4618161680647198,0.4413056514506819,4761.6640625
confirmation,clean,clean,0,3,logit_margin,boundary,7003338.0,0.414973973839332,0.5856039651846905,0.4925215907379401,0.36840642224393,0.1013421392499208,0.2670642829940092,3166408.0,1142101.0,76.0,0.7109511207369972,float32,7.4181425999850035,0.4523282999871298,0.3996389023965553,0.385236791523186,0.3714691584850246,0.560522550668681,0.06753709221276,0.5529897163353485,0.1332589292626839,0.5339226235862699,0.2573283192307397,4761.6640625
confirmation,clean,clean,0,3,logit_margin,interior,68346678.0,0.188219945379057,0.7676869124193123,0.4163395785778267,0.0821137679196505,0.0189428241800958,0.0631709437395546,8880822.0,4655622.0,455.0,0.9381798775940507,float32,7.4181425999850035,1.3348824999993667,0.1537024695876062,0.1253305453666851,0.1012475995541637,0.53220310180889,0.1413779810398729,0.4988773412256455,0.2650502075215202,0.4397775429618527,0.4673017569367659,4761.6640625
confirmation,clean,clean,0,3,energy,full,75350016.0,0.2092953901960684,0.6864702213145214,0.3242154618830237,0.1182443249446044,0.0236135783824398,0.0946307465621646,11434831.0,8501659.0,47.0,0.9610727089958416,float32,7.737621500040404,1.7335060000186786,0.1919231035023312,0.1712110364010704,0.1509382410100377,0.3584349708496724,0.0856289738492618,0.365645992624061,0.1747033280054835,0.3616328170848528,0.3455717165519655,4761.6640625
confirmation,clean,clean,0,3,energy,boundary,7003338.0,0.414973973839332,0.5496128915708608,0.4451669510765054,0.3764187307167735,0.1013421392499208,0.2750765914668526,4194569.0,1776504.0,11.0,0.654726788854115,float32,7.737621500040404,0.6137795000104234,0.4109387506435422,0.4048519001026475,0.396072118257068,0.4372294743174927,0.0526815688144749,0.4512910982474076,0.1087516942209474,0.4554623222633772,0.2195137435340889,4761.6640625
confirmation,clean,clean,0,3,energy,interior,68346678.0,0.188219945379057,0.6922257509943294,0.3012798078585909,0.1031462914129325,0.0189428241800958,0.0842034672328366,11252132.0,8300073.0,42.0,0.9568075715399073,float32,7.737621500040404,1.6649891999550164,0.1709309016087931,0.1509080004125292,0.1311777919329692,0.3341323967747958,0.0887611580907273,0.3438213458210406,0.1826699902551327,0.3374677160617019,0.3585886981926909,4761.6640625
confirmation,clean,clean,0,3,local_disagreement,full,75350016.0,0.2092953901960684,0.5259342212206625,0.231516022277202,0.2005935736971254,0.0236135783824398,0.1769799953146856,9.0,9.0,73216942.0,1.0,float32,2.860638799960725,0.0003415000392124,0.2004732866335772,0.2004732866335772,0.2004732866335772,0.3769153485168704,0.0900438772618327,0.2886943175752237,0.137936307450576,0.2445838021044005,0.2337211678280625,4761.6640625
confirmation,clean,clean,0,3,local_disagreement,boundary,7003338.0,0.414973973839332,0.5225440987081273,0.4308327451781366,0.4033292625160514,0.1013421392499208,0.3019871232661305,9.0,9.0,5968025.0,1.0,float32,0.1867919999640435,0.0002586999908089,0.4048981964123609,0.4025644999811495,0.4025644999811495,0.5160563211777575,0.062179377633927,0.5056560532152902,0.1218525087106706,0.4646118515526971,0.2239234330466981,4761.6640625
confirmation,clean,clean,0,3,local_disagreement,interior,68346678.0,0.188219945379057,0.5183027410813125,0.2048840546943779,0.1825829916426972,0.0189428241800958,0.1636401674626014,9.0,9.0,67248917.0,1.0,float32,1.865546999964863,0.0002186000347137,0.1825386422208108,0.1825386422208108,0.1825386422208108,0.2961647020607444,0.0786751664736804,0.2393516721407777,0.1271659486792397,0.2109451571807943,0.2241475130903581,4761.6640625
confirmation,color_s1,color_attenuation,1,3,raw_msp,full,75350016.0,0.2109985484276473,0.7604312606267102,0.4412998004746696,0.0958626131917804,0.0240153680252041,0.0718472451665763,7200208.0,5783978.0,432368.0,0.9812046489810964,float32,6.796888999990188,1.258457800024189,0.1768081983761265,0.1474998603600168,0.1209732809207845,0.5595961885610645,0.1326066511920689,0.5187117402224977,0.2458366522537881,0.4649932851156951,0.440754984586623,6016.81640625
confirmation,color_s1,color_attenuation,1,3,raw_msp,boundary,7003338.0,0.4185449852627418,0.5901927532337506,0.5083358764117165,0.3692249917285901,0.1032674757100678,0.2659575160185223,3928477.0,1545790.0,1359.0,0.6597783799668101,float32,6.796888999990188,0.5938532999716699,0.4009149604038073,0.3863077093050797,0.3726936765057155,0.6085210770860761,0.0726948443169583,0.577214586183164,0.137909847530646,0.547494124232152,0.2616178904835269,6016.81640625
confirmation,color_s1,color_attenuation,1,3,raw_msp,interior,68346678.0,0.1897317086867045,0.7647831792881672,0.4237256367059531,0.0838651084784723,0.0192594744394271,0.0646056340390452,6783743.0,5077826.0,431009.0,0.9750402353132656,float32,6.796888999990188,0.9614371000789106,0.1551431735827983,0.1263829281954266,0.1027043343815765,0.548008574325288,0.1444167119335687,0.501028550326073,0.2640721303020498,0.4431268539410296,0.4671089191947131,6016.81640625
confirmation,color_s1,color_attenuation,1,3,calibrated_msp,full,75350016.0,0.2109985484276473,0.7592877703933746,0.4414000396279556,0.096319013359626,0.0240153680252041,0.0723036453344219,9107204.0,8211501.0,88.0,0.9881127696110908,float32,7.940761799924076,1.4231838999548927,0.1767852383168431,0.147483113515586,0.1209184644254675,0.560566805423542,0.1328366567824477,0.518918375867717,0.2459345845181229,0.4650602915928526,0.4408184982754269,6016.81640625
confirmation,color_s1,color_attenuation,1,3,calibrated_msp,boundary,7003338.0,0.4185449852627418,0.5924766607585562,0.5108844363622398,0.3678856959370467,0.1032674757100678,0.2646182202269789,4573420.0,1664567.0,13.0,0.584647635170543,float32,7.940761799924076,0.6824245000025257,0.3995317312932482,0.3856139330687095,0.3723711772568879,0.6169456287999726,0.07370125395229,0.5896643601481579,0.1408843850257163,0.5502692286823144,0.2629439631115047,6016.81640625
confirmation,color_s1,color_attenuation,1,3,calibrated_msp,interior,68346678.0,0.1897317086867045,0.7631444099310701,0.4229680216369955,0.0843833463416966,0.0192594744394271,0.0651238719022695,8843478.0,7784223.0,88.0,0.9845017339394316,float32,7.940761799924076,1.3130860000383109,0.1550903448758974,0.1265213088353616,0.1031616396867441,0.5441358673164519,0.1433961373683134,0.501503986733518,0.2643227138363722,0.4425732895877312,0.4665253958887473,6016.81640625
confirmation,color_s1,color_attenuation,1,3,entropy,full,75350016.0,0.2109985484276473,0.7420168747389017,0.404019628908995,0.1004912896035748,0.0240153680252041,0.0764759215783707,27350227.0,17620908.0,23.0,0.8708783419501862,float32,7.193338099983521,4.948337999987416,0.1834712032431165,0.1590689802936837,0.1322859875356555,0.5024155268970067,0.1190566374299756,0.4587446957545597,0.2174160550040933,0.4187168231673992,0.3968907355197366,6016.81640625
confirmation,color_s1,color_attenuation,1,3,entropy,boundary,7003338.0,0.4185449852627418,0.5655463142495615,0.4822228716190493,0.380856966815914,0.1032674757100678,0.2775894911058462,5049198.0,1426621.0,10.0,0.4827356611947045,float32,7.193338099983521,0.8309870000230148,0.4047939038601429,0.3949989210503347,0.3857669651569581,0.5668723780367653,0.067719428004525,0.5423055285049705,0.1295692703223103,0.5127289264836492,0.2450054789622859,6016.81640625
confirmation,color_s1,color_attenuation,1,3,entropy,interior,68346678.0,0.1897317086867045,0.7462150160610527,0.383291283684863,0.0880816408728923,0.0192594744394271,0.0688221664334652,26808290.0,16778563.0,22.0,0.8532521653795668,float32,7.193338099983521,4.209246500045992,0.1626085513608066,0.1380287535186192,0.1116520275395693,0.4792446392421695,0.1262953505724913,0.4338400928911251,0.2286597789001022,0.3965435482747662,0.4180045208294068,6016.81640625
confirmation,color_s1,color_attenuation,1,3,probability_margin,full,75350016.0,0.2109985484276473,0.7596079918231133,0.4347479994128171,0.0960788756117528,0.0240153680252041,0.0720635075865487,15677466.0,13427945.0,154.0,0.970145713041388,float32,7.024972999934107,2.231415700051002,0.1770834320393499,0.1474260548019457,0.1209527831750232,0.5483594430366442,0.1299438968260637,0.5162345809596334,0.2446626349855057,0.4652885294522815,0.4410348389784753,6016.81640625
confirmation,color_s1,color_attenuation,1,3,probability_margin,boundary,7003338.0,0.4185449852627418,0.5887123354848959,0.4993747213016303,0.3696631081721707,0.1032674757100678,0.2663956324621029,5205648.0,1363211.0,27.0,0.451342060029089,float32,7.024972999934107,0.7259790000971407,0.4026845925078594,0.3875524727402341,0.3733773640340651,0.5702564776235339,0.0681236976377007,0.5612888517002838,0.1341048230788719,0.5425147144076969,0.2592384992965367,6016.81640625
confirmation,color_s1,color_attenuation,1,3,probability_margin,interior,68346678.0,0.1897317086867045,0.7638894479742279,0.417668424509236,0.0840769094904944,0.0192594744394271,0.0648174350510672,15210594.0,12479116.0,127.0,0.9600349559052452,float32,7.024972999934107,2.231731899897568,0.1553297561132681,0.1263192141578642,0.1027124214939904,0.5394076200921537,0.1421501022708099,0.4993492978249516,0.2631870634031723,0.4433816682829363,0.4673775241117585,6016.81640625
confirmation,color_s1,color_attenuation,1,3,logit_margin,full,75350016.0,0.2109985484276473,0.7583383689477082,0.4312829017015674,0.096573015931065,0.0240153680252041,0.0725576479058609,9708737.0,5122816.0,442.0,0.939138420355478,float32,7.515286899986677,1.3765542999608442,0.1776618319703977,0.1482241068785476,0.1217446874407763,0.5410821766230279,0.1282194141568311,0.5110290083532824,0.2421955218600915,0.4620963158575279,0.4380090231252361,6016.81640625
confirmation,color_s1,color_attenuation,1,3,logit_margin,boundary,7003338.0,0.4185449852627418,0.5849833281109088,0.4955292976946958,0.3718627108046606,0.1032674757100678,0.2685952350945928,3122058.0,1122230.0,75.0,0.7144464539623819,float32,7.515286899986677,0.4628157999832183,0.4034232500061101,0.3888672028038055,0.3750196225654359,0.5631377314252913,0.0672732814958454,0.5546407312864463,0.1325164341251203,0.5372560806700802,0.2567256820728081,6016.81640625
confirmation,color_s1,color_attenuation,1,3,logit_margin,interior,68346678.0,0.1897317086867045,0.7628773224335288,0.4143981162429191,0.0844819902555725,0.0192594744394271,0.0652225158161454,8889470.0,4666470.0,436.0,0.9382120664299148,float32,7.515286899986677,1.4156001000665128,0.1557762239312904,0.1270848164213278,0.1033451411318451,0.5321490029807975,0.1402372387399838,0.4953310972822674,0.2610692304441585,0.4403192806967325,0.4641493998335189,6016.81640625
confirmation,color_s1,color_attenuation,1,3,energy,full,75350016.0,0.2109985484276473,0.6823291582077953,0.3258250053417547,0.120905978911172,0.0240153680252041,0.0968906108859679,11460453.0,8453102.0,46.0,0.9600882500144392,float32,7.773265999974683,1.673867700039409,0.1937023337186708,0.1736278822633963,0.1537611104417724,0.3687440864078641,0.087380721035933,0.3666644901576225,0.1737758445992127,0.3604812004916078,0.341690710494699,6016.81640625
confirmation,color_s1,color_attenuation,1,3,energy,boundary,7003338.0,0.4185449852627418,0.5483823156348328,0.4492193683205773,0.3814086017143319,0.1032674757100678,0.2781411260042641,4188586.0,1784447.0,11.0,0.6567152692044851,float32,7.773265999974683,0.6477493999991566,0.4140175995418058,0.4084289439804693,0.3999189910172774,0.4477406494615426,0.0534877722935086,0.4592908526503068,0.1097351539226777,0.4590088443514095,0.2193355513009635,6016.81640625
confirmation,color_s1,color_attenuation,1,3,energy,interior,68346678.0,0.1897317086867045,0.687652921215117,0.3026429045024235,0.1056041834675953,0.0192594744394271,0.0863447090281682,11284332.0,8251450.0,43.0,0.9556250268667044,float32,7.773265999974683,1.7372502000071108,0.1726011038722177,0.1532006029749226,0.1339872021509388,0.342528195956263,0.0902664631943842,0.3439071217504639,0.1812597030799692,0.3358561210776198,0.3540326846054181,6016.81640625
confirmation,color_s1,color_attenuation,1,3,local_disagreement,full,75350016.0,0.2109985484276473,0.52543295173728,0.2328492113301741,0.2024160259337145,0.0240153680252041,0.1784006579085104,9.0,9.0,73255256.0,1.0,float32,2.138877599965781,0.0002682999474927,0.2022994500217158,0.2022994500217158,0.2022994500217158,0.3762814089044102,0.0891668287965876,0.2892904294630631,0.1371054194334495,0.2457949397423895,0.2329826007071734,6016.81640625
confirmation,color_s1,color_attenuation,1,3,local_disagreement,boundary,7003338.0,0.4185449852627418,0.5217264845933824,0.4338110366597558,0.4073098954704249,0.1032674757100678,0.3040424197603572,9.0,9.0,5986647.0,1.0,float32,0.1730863000266254,0.0002166000194847,0.408654892336494,0.4065886964773437,0.4065886964773437,0.5180167101652553,0.0618830563427131,0.507555903740156,0.1212667853058592,0.4663701233320679,0.2228531091941766,6016.81640625
confirmation,color_s1,color_attenuation,1,3,local_disagreement,interior,68346678.0,0.1897317086867045,0.5179775540027078,0.2061693468549782,0.1841615690398509,0.0192594744394271,0.1649020946004237,9.0,9.0,67268609.0,1.0,float32,1.9054018000606447,0.0002884999848902,0.1841184942593357,0.1841184942593357,0.1841184942593357,0.2963827795215701,0.078105760562115,0.2402506368904529,0.126626511500785,0.2121845655748942,0.2236680133781249,6016.81640625
confirmation,color_s2,color_attenuation,2,3,raw_msp,full,75350016.0,0.2169701065491479,0.751876629921479,0.4413982380963019,0.1022897231638256,0.0254532054752528,0.0768365176885728,7195151.0,5753773.0,470401.0,0.980870899881428,float32,7.2632440000306815,1.0771088000619784,0.1829717405995314,0.1542772145719345,0.1286356690769339,0.5621040312928915,0.1295349092261214,0.5229554020025475,0.2410264888935212,0.4677416807586779,0.4311577415233174,6221.3046875
confirmation,color_s2,color_attenuation,2,3,raw_msp,boundary,7003338.0,0.4238748722394949,0.583673697808336,0.5074136573837877,0.3779719727438047,0.1061819590261811,0.2717900137176236,3911509.0,1530337.0,1201.0,0.6599947053819193,float32,7.2632440000306815,0.5672110000159591,0.4070938650162369,0.3932278015253796,0.3802955610762785,0.6041088966121879,0.0712603068378081,0.574904259967387,0.1356306924045801,0.5464635445373207,0.2578419889379927,6221.3046875
confirmation,color_s2,color_attenuation,2,3,raw_msp,interior,68346678.0,0.1957690174788012,0.7554088755632822,0.4240716455938045,0.090141050703095,0.020552211069597,0.069588839633498,6771116.0,5044211.0,469200.0,0.974733153819122,float32,7.2632440000306815,0.9273152999812736,0.161262781670396,0.1334070055306088,0.1104037496708893,0.5525854364835278,0.141131998252338,0.506325106062211,0.2586339388118021,0.4452170683345555,0.4548391641297019,6221.3046875
confirmation,color_s2,color_attenuation,2,3,calibrated_msp,full,75350016.0,0.2169701065491479,0.7512601997983402,0.4423164382205901,0.1025507533434069,0.0254532054752528,0.0770975478681541,9101348.0,8189110.0,239.0,0.9878933270564932,float32,6.9977949999738485,1.344390399986878,0.1829274337942219,0.1538504877230202,0.1286307035061438,0.5647215488463042,0.1301381069970024,0.5233542074706815,0.2412102955458051,0.4694485814336877,0.4327311387002551,6221.3046875
confirmation,color_s2,color_attenuation,2,3,calibrated_msp,boundary,7003338.0,0.4238748722394949,0.5870203628489995,0.5105884621392225,0.3760291011664227,0.1061819590261811,0.2698471421402416,4587157.0,1661653.0,14.0,0.5822700546510821,float32,6.9977949999738485,0.6656382998917252,0.4059060717863939,0.3923882019843749,0.3793878307427661,0.6129304017797222,0.0723008860587649,0.5855934454131886,0.1381524716367209,0.5498212281568509,0.2594262699597344,6221.3046875
confirmation,color_s2,color_attenuation,2,3,calibrated_msp,interior,68346678.0,0.1957690174788012,0.7542783245595797,0.4241871942711829,0.0904821319338748,0.020552211069597,0.0699299208642778,8830204.0,7758645.0,239.0,0.9843217105592168,float32,6.9977949999738485,1.2654342000605538,0.1611795865363595,0.1331116254131076,0.1109554910965994,0.5502608758757556,0.1405382984152209,0.5070739354128101,0.2590164453913189,0.446398566836019,0.4560461973479843,6221.3046875
confirmation,color_s2,color_attenuation,2,3,entropy,full,75350016.0,0.2169701065491479,0.734527490945284,0.4067003768867874,0.1066336082514158,0.0254532054752528,0.081180402776163,27374298.0,17656982.0,26.0,0.8710376385321538,float32,6.93189549993258,4.500237199943513,0.1895754551308929,0.1653465848740657,0.1393257764355044,0.5110182585220284,0.1177623714569127,0.4635219738495093,0.2136340373464534,0.4234641875343895,0.3903433673415398,6221.3046875
confirmation,color_s2,color_attenuation,2,3,entropy,boundary,7003338.0,0.4238748722394949,0.5630599737377114,0.4859314529571235,0.3875099062331605,0.1061819590261811,0.2813279472069794,5079371.0,1413042.0,11.0,0.4764883545532145,float32,6.93189549993258,0.7668027000036091,0.4103839359162812,0.4006806753421716,0.3919799883198564,0.5710589518715355,0.0673617560692313,0.5452941025282223,0.128645101176033,0.5166520545910951,0.2437758102554826,6221.3046875
confirmation,color_s2,color_attenuation,2,3,entropy,interior,68346678.0,0.1957690174788012,0.7377274238454565,0.3857322760173559,0.0941362695809547,0.020552211069597,0.0735840585113577,26822834.0,16807881.0,21.0,0.8534683280436834,float32,6.93189549993258,4.034031299990602,0.168816945360476,0.1445155674444531,0.1194961402137317,0.4871554843629566,0.1244209898206015,0.43833766321934,0.2239055401571371,0.4007828178340191,0.4094445941685908,6221.3046875
confirmation,color_s2,color_attenuation,2,3,probability_margin,full,75350016.0,0.2169701065491479,0.7512921685873473,0.4355444725435489,0.1024059479321553,0.0254532054752528,0.0769527424569025,15671114.0,13419830.0,139.0,0.9701223155679224,float32,7.094265299965628,2.2743934999452904,0.1831969660406327,0.1541658971724887,0.1285805728348845,0.5537414323181336,0.1276077775231194,0.5209283819699053,0.2400922495310178,0.4681869550740852,0.4315681891615906,6221.3046875
confirmation,color_s2,color_attenuation,2,3,probability_margin,boundary,7003338.0,0.4238748722394949,0.5825683983154909,0.4997659786552119,0.378242085777412,0.1061819590261811,0.2720601267512309,5215516.0,1358237.0,31.0,0.4492227849062832,float32,7.094265299965628,0.7491231999592856,0.4086470659629811,0.3943483384978343,0.3808401482802998,0.5695168305408562,0.0671798484035412,0.5609252156828027,0.1323327737988283,0.5419806835024431,0.255726807025274,6221.3046875
confirmation,color_s2,color_attenuation,2,3,probability_margin,interior,68346678.0,0.1957690174788012,0.7547523010061956,0.4185480553635892,0.0902546934624061,0.020552211069597,0.0697024823928091,15204797.0,12469994.0,139.0,0.9599863068692234,float32,7.094265299965628,2.196564999991097,0.1613603073390008,0.1332562831372402,0.1104675062587951,0.5467711087063776,0.1396470012844388,0.5054475213719233,0.2581856632229116,0.4458199725282925,0.4554550983762379,6221.3046875
confirmation,color_s2,color_attenuation,2,3,logit_margin,full,75350016.0,0.2169701065491479,0.749935665186691,0.4320104994140237,0.1028479105400715,0.0254532054752528,0.0773947050648187,9694268.0,5107688.0,443.0,0.9391296745046478,float32,7.371051499969326,1.3942362000234425,0.183782674087737,0.1550637314892417,0.1295002644041487,0.5475543316547209,0.1261819818017035,0.5156570628647478,0.2376627354063176,0.4645955966567759,0.4282577251856279,6221.3046875
confirmation,color_s2,color_attenuation,2,3,logit_margin,boundary,7003338.0,0.4238748722394949,0.5786613701493812,0.4959937381665279,0.3805687426392151,0.1061819590261811,0.274386783613034,3095651.0,1119378.0,73.0,0.7178098501029081,float32,7.371051499969326,0.4651745000155642,0.4093137796971444,0.3956119565763608,0.382673243393916,0.5637881353754066,0.0665040951121073,0.5549246502383149,0.1309171279205023,0.5369264717068764,0.2533420404019375,6221.3046875
confirmation,color_s2,color_attenuation,2,3,logit_margin,interior,68346678.0,0.1957690174788012,0.753686620205565,0.4151846131570919,0.0905898044707901,0.020552211069597,0.0700375934011931,8891303.0,4659258.0,439.0,0.9380797264206462,float32,7.371051499969326,1.2970852999715137,0.1618885862795153,0.1341057083062861,0.1108953335071669,0.5410570052561441,0.1381876019139379,0.5006929164908472,0.2557569821775451,0.4424222574209923,0.4519839513576919,6221.3046875
confirmation,color_s2,color_attenuation,2,3,energy,full,75350016.0,0.2169701065491479,0.6753556584717216,0.3290131479432806,0.1272240531149029,0.0254532054752528,0.10177084763965,11459920.0,8392210.0,44.0,0.9592872017439252,float32,7.192866299999878,1.629702200065367,0.1997383674487926,0.181239252552915,0.1617018306868524,0.3796709615399509,0.0874938459803458,0.3720557636317713,0.1714779004813241,0.3598935342021143,0.3317448279224141,6221.3046875
confirmation,color_s2,color_attenuation,2,3,energy,boundary,7003338.0,0.4238748722394949,0.5479863978597828,0.4558408523188992,0.3873575333465508,0.1061819590261811,0.2811755743203697,4189919.0,1783494.0,12.0,0.6563888534296074,float32,7.192866299999878,0.5980475000105798,0.4185737861014971,0.4132007751302905,0.4052532496235979,0.4663831828813109,0.055014267961445,0.4715849865921118,0.1112557389342029,0.4665709504322223,0.220145667616292,6221.3046875
confirmation,color_s2,color_attenuation,2,3,energy,interior,68346678.0,0.1957690174788012,0.6797807892017858,0.3053650431060107,0.1118093086365123,0.020552211069597,0.0912570975669153,11280057.0,8189659.0,41.0,0.954783493646904,float32,7.192866299999878,1.579231699928641,0.1789525113421157,0.1610742862907584,0.1420845009188971,0.3524024868508609,0.0900046651154149,0.3471175753694816,0.1773097653537665,0.3345479416280514,0.341778240220277,6221.3046875
confirmation,color_s2,color_attenuation,2,3,local_disagreement,full,75350016.0,0.2169701065491479,0.5246533361417668,0.2381094582071153,0.2084805099451885,0.0254532054752528,0.1830273044699357,9.0,9.0,73272251.0,1.0,float32,1.8194371999707075,0.0002309000119566,0.208365756362528,0.208365756362528,0.208365756362528,0.3804527509595863,0.0876740066194245,0.2944092536610571,0.1356911668489486,0.2513875050117926,0.2317254873079967,6221.3046875
confirmation,color_s2,color_attenuation,2,3,local_disagreement,boundary,7003338.0,0.4238748722394949,0.5200779380504257,0.4379221177188737,0.4134790509002055,0.1061819590261811,0.3072970918740244,9.0,9.0,6019586.0,1.0,float32,0.1630135999293998,0.0002006000140681,0.4144224389619798,0.4128371951160761,0.4128371951160761,0.5186947158686969,0.0611849036080017,0.5089468536719984,0.1200701037849007,0.4680255649725803,0.2208320092944758,6221.3046875
confirmation,color_s2,color_attenuation,2,3,local_disagreement,interior,68346678.0,0.1957690174788012,0.5178354934555074,0.2120640948388413,0.1901087222163574,0.020552211069597,0.1695565111467604,9.0,9.0,67252665.0,1.0,float32,1.6110268000047654,0.0002152000088244,0.1900641260833306,0.1900641260833306,0.1900641260833307,0.3041619506539457,0.0776838857015371,0.247113038368638,0.1262268405809214,0.2185885822259843,0.22331275033969,6221.3046875
confirmation,color_s3,color_attenuation,3,3,raw_msp,full,75350016.0,0.2262091490464979,0.743553441920158,0.4425172443755801,0.1109812018446011,0.0277676530017483,0.0832135488428528,7179551.0,5730570.0,489131.0,0.9807699974476448,float32,7.271401599980891,1.1766817000461742,0.1938208005999851,0.1648300739417557,0.1382460677039944,0.5584473633849069,0.1234360757255719,0.5177042753273323,0.2288609037221361,0.4717254720038561,0.4170702193382252,6221.3046875
confirmation,color_s3,color_attenuation,3,3,raw_msp,boundary,7003338.0,0.4356969490834227,0.5807610065181245,0.5179591952216243,0.3905999300113396,0.1128231443314097,0.2777767856799298,3867787.0,1503902.0,1098.0,0.6624630997390102,float32,7.271401599980891,0.6627188000129536,0.4188548160758241,0.4059538745002161,0.3939175336171299,0.6221003121367804,0.0713914213886193,0.5872769278658468,0.1347902703506959,0.5546689151176438,0.2546123284479275,6221.3046875
confirmation,color_s3,color_attenuation,3,3,raw_msp,interior,68346678.0,0.2047433819680306,0.7462200464742512,0.423228960122703,0.0984673519921849,0.0225577042170667,0.0759096477751181,6757127.0,5025330.0,488033.0,0.9746615775531914,float32,7.271401599980891,1.081474900012836,0.1719184485774656,0.1433277033962678,0.1193015410852937,0.5436245037798471,0.1327575315163507,0.5001678208802535,0.2442901112156832,0.4504060767838321,0.4399713296073256,6221.3046875
confirmation,color_s3,color_attenuation,3,3,calibrated_msp,full,75350016.0,0.2262091490464979,0.7448104883476634,0.4471850277449544,0.1105851352002807,0.0277676530017483,0.0828174821985324,9131959.0,8204606.0,304.0,0.9876927298860826,float32,8.465324399992824,1.4292049000505358,0.1930317039670344,0.1638443823825983,0.1376699993779652,0.5676945186389243,0.1254800151028885,0.5248062044310009,0.2320004449434413,0.4756682131603946,0.4205561449804554,6221.3046875
confirmation,color_s3,color_attenuation,3,3,calibrated_msp,boundary,7003338.0,0.4356969490834227,0.5862696270737341,0.5242227124976204,0.3874220848895621,0.1128231443314097,0.2745989405581523,4607803.0,1658622.0,12.0,0.5788892382461049,float32,8.465324399992824,0.7184348000446334,0.4169987172785044,0.4038534477573286,0.3918659610712197,0.6385524621109356,0.0732794486868526,0.603981814391419,0.1386243323819458,0.5630711917456527,0.2584692657274705,6221.3046875
confirmation,color_s3,color_attenuation,3,3,calibrated_msp,interior,68346678.0,0.2047433819680306,0.7470178893221392,0.4272242026604869,0.0981843149693869,0.0225577042170667,0.0756266107523202,8866046.0,7776826.0,304.0,0.9840633073636732,float32,8.465324399992824,1.3935864999657497,0.1711487789178047,0.1428639372619112,0.119106167593402,0.5481755660991873,0.1338689380020623,0.5070948163518278,0.2476733686414875,0.4522611778655525,0.4417834527813925,6221.3046875
confirmation,color_s3,color_attenuation,3,3,entropy,full,75350016.0,0.2262091490464979,0.7316305158124987,0.4182816777918547,0.113858538266585,0.0277676530017483,0.0860908852648367,27435355.0,17696540.0,23.0,0.8707523167612864,float32,7.772385900025256,4.812358500086702,0.1981192236704511,0.173437117540104,0.146712765938891,0.5219611089685179,0.1153713585142925,0.4790184859937662,0.2117591235552905,0.437297269463233,0.3866309515072078,6221.3046875
confirmation,color_s3,color_attenuation,3,3,entropy,boundary,7003338.0,0.4356969490834227,0.5667069480459633,0.5025069988030653,0.396613860501921,0.1128231443314097,0.2837907161705112,5106728.0,1397663.0,12.0,0.4703861215894477,float32,7.772385900025256,0.7658225999912247,0.421059954735876,0.4115743187490395,0.4019509470687143,0.6011360293802671,0.0689855876103984,0.5674306830740761,0.1302352119549062,0.5321874991075687,0.2442925763920227,6221.3046875
confirmation,color_s3,color_attenuation,3,3,entropy,interior,68346678.0,0.2047433819680306,0.7340275328687562,0.3965517028527277,0.1011129504433477,0.0225577042170667,0.078555246226281,26878478.0,16829611.0,22.0,0.852972122507549,float32,7.772385900025256,4.017784200026654,0.1767771273158342,0.1522320863323589,0.12642841006138,0.497344567431805,0.1214555941209973,0.4564396983145342,0.2229325838441051,0.4147885639799914,0.4051789827155835,6221.3046875
confirmation,color_s3,color_attenuation,3,3,probability_margin,full,75350016.0,0.2262091490464979,0.7431997179389341,0.4359927047364016,0.1109656621712866,0.0277676530017483,0.0831980091695383,15670861.0,13427131.0,136.0,0.9702225677032372,float32,7.102808799943887,2.3093802999937907,0.1941231414606337,0.1647184851896337,0.1382358582077865,0.5482860300943957,0.121190071558021,0.5149832077018692,0.2276580046433931,0.4721718056611,0.4174648396997969,6221.3046875
confirmation,color_s3,color_attenuation,3,3,probability_margin,boundary,7003338.0,0.4356969490834227,0.5795687134018463,0.5086715211322346,0.3907297872505478,0.1128231443314097,0.2779066429191381,5247331.0,1343491.0,28.0,0.4425743838152606,float32,7.102808799943887,0.755159099935554,0.4208860694224421,0.4070795875752833,0.3944149494414602,0.577158898468445,0.0662340033028188,0.5689949367016309,0.130594235371885,0.5501660636210722,0.2525453629610403,6221.3046875
confirmation,color_s3,color_attenuation,3,3,probability_margin,interior,68346678.0,0.2047433819680306,0.7458413080325095,0.4172715712107597,0.0984456677486069,0.0225577042170667,0.0758879635315401,15206655.0,12482573.0,131.0,0.9601431689189048,float32,7.102808799943887,2.1462826000060886,0.1720994782628713,0.1433321781321134,0.1193191852253244,0.5360258610952281,0.130901881083615,0.4985385171598679,0.2434943327380582,0.4503881900335174,0.4399538572468848,6221.3046875
confirmation,color_s3,color_attenuation,3,3,logit_margin,full,75350016.0,0.2262091490464979,0.7407003998269827,0.4314514242861558,0.1119635865588141,0.0277676530017483,0.0841959335570658,9716252.0,5107415.0,460.0,0.938834293014616,float32,6.955596399959177,1.3558179000392556,0.1948349504735623,0.1658714970748264,0.1392856311363487,0.540602599824934,0.1194917691883495,0.5085769438268083,0.2248259953094893,0.4675597299111533,0.413387130186966,6221.3046875
confirmation,color_s3,color_attenuation,3,3,logit_margin,boundary,7003338.0,0.4356969490834227,0.5748925595371827,0.5041875781417091,0.3936482689789333,0.1128231443314097,0.2808251246475235,3094191.0,1133463.0,75.0,0.7200295059298866,float32,6.955596399959177,0.4303169000195339,0.4217692745212555,0.4086252119747884,0.3964307227348915,0.5699871418494604,0.0654109818561264,0.5610459273168781,0.1287697994488109,0.5439837902343739,0.2497074844010798,6221.3046875
confirmation,color_s3,color_attenuation,3,3,logit_margin,interior,68346678.0,0.2047433819680306,0.7435340322103924,0.412861431830494,0.0993369616253503,0.0225577042170667,0.0767792574082835,8937179.0,4663800.0,454.0,0.9374749567199157,float32,6.955596399959177,1.2665212000720203,0.1728113070605565,0.1443526772351364,0.1202262467556423,0.529022624068938,0.1291916335620819,0.4921320839944237,0.2403653264222823,0.4463062011993065,0.435966437566284,6221.3046875
confirmation,color_s3,color_attenuation,3,3,energy,full,75350016.0,0.2262091490464979,0.6724103094681205,0.3423374810749738,0.1347268610536701,0.0277676530017483,0.1069592080519218,11503872.0,8408113.0,45.0,0.9589149523206472,float32,6.868038300075568,1.60253539995756,0.2079013622573113,0.1900315298689317,0.1710505684540234,0.4067021703068782,0.0898951686108203,0.3909791928389667,0.1728396995622669,0.3709196337065579,0.3279439889681931,6221.3046875
confirmation,color_s3,color_attenuation,3,3,energy,boundary,7003338.0,0.4356969490834227,0.5502080469855312,0.4721735167441724,0.3976900801405512,0.1128231443314097,0.2848669358091414,4207471.0,1783990.0,13.0,0.6539534433437312,float32,6.868038300075568,0.5915089000482112,0.4292301846500201,0.4228650049235445,0.4156390105372193,0.4976218490034755,0.0571064351219614,0.4938971976228485,0.113357997963513,0.4870247624704784,0.2235613091065446,6221.3046875
confirmation,color_s3,color_attenuation,3,3,energy,interior,68346678.0,0.2047433819680306,0.6762793111497306,0.3185296547697062,0.1189705502484597,0.0225577042170667,0.096412846031393,11326202.0,8204352.0,44.0,0.9543233103443594,float32,6.868038300075568,1.5769581999629736,0.186948289660047,0.1698021113738881,0.1512471150793422,0.3810061962253116,0.0930448163237888,0.3648992167578586,0.1782227215005792,0.3445084677119649,0.3365270950217707,6221.3046875
confirmation,color_s3,color_attenuation,3,3,local_disagreement,full,75350016.0,0.2262091490464979,0.5234337173780466,0.2463347780253031,0.2178969035914571,0.0277676530017483,0.1901292505897088,9.0,9.0,73309173.0,1.0,float32,1.9287094000028449,0.0002635000273585,0.2177863062239155,0.2177863062239155,0.2177863062239155,0.3862431537329314,0.0853730222373728,0.3020147299784235,0.1335112869148247,0.2599005181011695,0.2297878162697287,6221.3046875
confirmation,color_s3,color_attenuation,3,3,local_disagreement,boundary,7003338.0,0.4356969490834227,0.5177809349405132,0.4480253499500702,0.426458695245926,0.1128231443314097,0.3136355509145162,9.0,9.0,6076714.0,1.0,float32,0.1718366000568494,0.000276600010693,0.4270817642425593,0.4259227931411615,0.4259227931411615,0.5244570777603507,0.0601860110148937,0.5132336324875936,0.1177960461131467,0.4747935588960474,0.217946761153833,6221.3046875
confirmation,color_s3,color_attenuation,3,3,local_disagreement,interior,68346678.0,0.2047433819680306,0.5174353594210734,0.2206798283342369,0.1990201360834169,0.0225577042170667,0.1764624318663502,9.0,9.0,67232459.0,1.0,float32,1.6387502000434324,0.000185800017789,0.1989741740667257,0.1989741740667257,0.1989741740667257,0.3143583287163871,0.0767688642469545,0.2566662513915567,0.1253599781517478,0.2278202127291411,0.2225422059613341,6221.3046875
confirmation,turbidity_s1,turbidity,1,3,raw_msp,full,75350016.0,0.2094098825407017,0.7622243235651801,0.4395767516492078,0.0941992209117344,0.0236404730031246,0.0705587479086097,7237406.0,5807792.0,428888.0,0.9810270245994374,float32,5.828017499996349,0.9399789000162856,0.1748984414229124,0.1460189189629626,0.1199135542360452,0.5543035025073649,0.1323489429456979,0.5200129058644292,0.2483230147309541,0.4629737324555454,0.4421699218925767,6221.3046875
confirmation,turbidity_s1,turbidity,1,3,raw_msp,boundary,7003338.0,0.4145805899986549,0.5921325616054068,0.5055911203370069,0.364741390305736,0.1011313788186742,0.2636100114870617,3931513.0,1541476.0,1347.0,0.6587288804281616,float32,5.828017499996349,0.4447208000347018,0.396825165139485,0.3819433623712689,0.3676952441254039,0.6043573494932418,0.0728878216520495,0.5743802242929802,0.1385449300280218,0.5451298951643073,0.2629790511143992,6221.3046875
confirmation,turbidity_s1,turbidity,1,3,raw_msp,interior,68346678.0,0.1883864787107868,0.7670674125362058,0.4223815915818065,0.0822595624352901,0.0189775677666647,0.0632819946686253,6825034.0,5096782.0,427541.0,0.9747134454727996,float32,5.828017499996349,0.7458667999599129,0.1532551057386174,0.1255436278240513,0.101676310789639,0.5435640765579249,0.1442683403245987,0.5045688393349904,0.2678370855238478,0.4397578882641653,0.4668677966084143,6221.3046875
confirmation,turbidity_s1,turbidity,1,3,calibrated_msp,full,75350016.0,0.2094098825407017,0.7609905161229094,0.4396809251473942,0.0946191199281862,0.0236404730031246,0.0709786469250616,9154563.0,8256915.0,79.0,0.9880869567433138,float32,6.18024650006555,1.0988311000401154,0.1750003053650188,0.1459959444363661,0.1197866539493819,0.5592061333670956,0.133519525503815,0.5190961241063153,0.2478852217310924,0.4630656463566395,0.4422577056254724,6221.3046875
confirmation,turbidity_s1,turbidity,1,3,calibrated_msp,boundary,7003338.0,0.4145805899986549,0.5944186724322271,0.507665253544203,0.3632524821309529,0.1011313788186742,0.2621211033122786,4575550.0,1660789.0,13.0,0.5838040374461435,float32,6.18024650006555,0.5408761000726372,0.3958092211572099,0.3812155462482601,0.3675045187631939,0.6093949458401277,0.0734953751539548,0.5835230047377394,0.1407502390261509,0.5480408531602677,0.2643833420520312,6221.3046875
confirmation,turbidity_s1,turbidity,1,3,calibrated_msp,interior,68346678.0,0.1883864787107868,0.7653113187474462,0.4217629705763076,0.0827391452957815,0.0189775677666647,0.0637615775291167,8897964.0,7828257.0,79.0,0.9843488077064988,float32,6.18024650006555,1.1058058000635356,0.1534808157223147,0.1256161990168395,0.1020759395247025,0.5448808193755718,0.1446178194552638,0.5025374678038494,0.2667587854226486,0.4394675791128405,0.4665595906673014,6221.3046875
confirmation,turbidity_s1,turbidity,1,3,entropy,full,75350016.0,0.2094098825407017,0.7435726199493219,0.4014024097989556,0.0987918850058419,0.0236404730031246,0.0751514120027172,27422145.0,17634495.0,24.0,0.8701042080734263,float32,6.864856999949552,3.660139499930665,0.1819694502758718,0.1565978299013011,0.1307352879800905,0.4895519337619287,0.1168884566980572,0.4563738226833471,0.2179332901452335,0.4206581055541414,0.4017557555367655,6221.3046875
confirmation,turbidity_s1,turbidity,1,3,entropy,boundary,7003338.0,0.4145805899986549,0.567126380216412,0.4779681053353898,0.3761101419503497,0.1011313788186742,0.2749787631316754,5044514.0,1425840.0,10.0,0.4832929668680849,float32,6.864856999949552,0.581529299961403,0.4016303334679252,0.3914768509519834,0.3816498131401411,0.5533531143711429,0.0667365146543006,0.5311322883081501,0.1281131950701373,0.5069952337027761,0.2445823035232592,6221.3046875
confirmation,turbidity_s1,turbidity,1,3,entropy,interior,68346678.0,0.1883864787107868,0.7482397920458195,0.3812750556989374,0.0864374182434443,0.0189775677666647,0.0674598504767795,26877123.0,16783146.0,21.0,0.8523121050594441,float32,6.864856999949552,3.1081021000863984,0.1611113193811855,0.1360693160724116,0.1106060854665839,0.4692256205178264,0.1245380341146825,0.4338629177013426,0.2303047083667622,0.3976551421371162,0.4221695277653295,6221.3046875
confirmation,turbidity_s1,turbidity,1,3,probability_margin,full,75350016.0,0.2094098825407017,0.7612162331505223,0.4331628865603034,0.0944333890737395,0.0236404730031246,0.0707929160706148,15668448.0,13410305.0,154.0,0.9700312870537412,float32,6.107217499986291,1.8223566999658944,0.1752791951752867,0.1461403591601747,0.1199255012018956,0.5428124275577799,0.1296052626044986,0.5165860606274557,0.2466865850757188,0.4624879661611237,0.4417059835967186,6221.3046875
confirmation,turbidity_s1,turbidity,1,3,probability_margin,boundary,7003338.0,0.4145805899986549,0.5906085682929403,0.4966499917672678,0.3651513865452703,0.1011313788186742,0.264020007726596,5200931.0,1365453.0,42.0,0.4523357290480625,float32,6.107217499986291,0.5907819999847561,0.3985546576593228,0.3833421594807191,0.3685625855586835,0.5669694745649932,0.0683787000834869,0.5588147940839656,0.1347904284836511,0.5395347077251711,0.2602798465824082,6221.3046875
confirmation,turbidity_s1,turbidity,1,3,probability_margin,interior,68346678.0,0.1883864787107868,0.7659760122374323,0.4164741447857933,0.0824847411444551,0.0189775677666647,0.0635071733777903,15198376.0,12457680.0,112.0,0.9599000846829746,float32,6.107217499986291,1.770692600053735,0.1535609145775882,0.1256495479045393,0.1017928084079746,0.5349917996504486,0.1419931565595569,0.5018165720217377,0.2663761168743853,0.4393342253681629,0.4664180160176848,6221.3046875
confirmation,turbidity_s1,turbidity,1,3,logit_margin,full,75350016.0,0.2094098825407017,0.7598860984427235,0.4297277514820223,0.0949852742090776,0.0236404730031246,0.0713448012059529,9724083.0,5133747.0,432.0,0.939079827136334,float32,6.449973899987526,1.0790876999963075,0.1758872869083639,0.1469243190187287,0.120789879360794,0.5365013131426464,0.128098381775,0.5111132463313658,0.2440731388905543,0.4593521396142528,0.4387110659975182,6221.3046875
confirmation,turbidity_s1,turbidity,1,3,logit_margin,boundary,7003338.0,0.4145805899986549,0.586788697212185,0.4927957317976954,0.3674128887738458,0.1011313788186742,0.2662815099551716,3161045.0,1137607.0,69.0,0.7110752044239476,float32,6.449973899987526,0.3561318999854848,0.3992603283915919,0.3846706074911158,0.370215980663916,0.5603427951678928,0.0675794970516281,0.5524635388257603,0.1332584568416586,0.5342206106555687,0.2577162443707324,6221.3046875
confirmation,turbidity_s1,turbidity,1,3,logit_margin,interior,68346678.0,0.1883864787107868,0.7649017357518468,0.4132426580419446,0.0829543436107157,0.0189775677666647,0.0639767758440509,8888536.0,4668674.0,428.0,0.9382579794148884,float32,6.449973899987526,1.0364144999766722,0.154126116720469,0.1263215917423054,0.1023391877648981,0.528668132331617,0.1403147803971184,0.4967297890034142,0.2636759320193006,0.4366460814190243,0.4635641551183285,6221.3046875
confirmation,turbidity_s1,turbidity,1,3,energy,full,75350016.0,0.2094098825407017,0.6844590905934463,0.3215421102008634,0.1188606950722995,0.0236404730031246,0.0952202220691749,11449562.0,8511182.0,43.0,0.9610035915586268,float32,6.538493699976243,1.3006434000562876,0.1927750071278462,0.172568393440791,0.1521224604138871,0.3524669712540663,0.0841572006269752,0.3591237268417447,0.1714932177741127,0.3567758297753724,0.3407440416721337,6221.3046875
confirmation,turbidity_s1,turbidity,1,3,energy,boundary,7003338.0,0.4145805899986549,0.5493646357606397,0.4442159886630045,0.376375251209621,0.1011313788186742,0.2752438723909467,4201875.0,1776515.0,11.0,0.6536851427133746,float32,6.538493699976243,0.6390302999643609,0.4107897740839488,0.4047376688725788,0.3960792577091293,0.4355293331467557,0.0525265133041817,0.4486987637327332,0.1082295946061372,0.4539526854329506,0.2189937618996448,6221.3046875
confirmation,turbidity_s1,turbidity,1,3,energy,interior,68346678.0,0.1883864787107868,0.690191892783615,0.2985721569785741,0.1037187140666308,0.0189775677666647,0.084741146299966,11271853.0,8310968.0,40.0,0.956678435782936,float32,6.538493699976243,1.5838448000140488,0.1719662120851774,0.1522772281618387,0.1323965525609535,0.3273088027099488,0.0868716307369215,0.3361689172285282,0.1784464200224199,0.3328234859998707,0.3533411718471564,6221.3046875
confirmation,turbidity_s1,turbidity,1,3,local_disagreement,full,75350016.0,0.2094098825407017,0.5262981676557599,0.2320243483881896,0.2005814144370234,0.0236404730031246,0.1769409414338987,9.0,9.0,73201684.0,1.0,float32,1.9260583999566732,0.0003956999862566,0.200458366504246,0.200458366504246,0.200458366504246,0.3794886777294321,0.0906090708973711,0.2899735221168392,0.1384717540510028,0.2452159443105425,0.2341971203582659,6221.3046875
confirmation,turbidity_s1,turbidity,1,3,local_disagreement,boundary,7003338.0,0.4145805899986549,0.5229165583985831,0.430711403995611,0.4027439687609733,0.1011313788186742,0.301612589942299,9.0,9.0,5966346.0,1.0,float32,0.1659079999662935,0.0002486000303179,0.4043704201158174,0.4019634463036505,0.4019634463036505,0.5170069413436774,0.0623530263429865,0.5064722042175956,0.1221649930250259,0.4650491467627778,0.2243468656225034,6221.3046875
confirmation,turbidity_s1,turbidity,1,3,local_disagreement,interior,68346678.0,0.1883864787107868,0.5186983452787776,0.2054997957870034,0.1826231418657614,0.0189775677666647,0.1636455740990966,9.0,9.0,67235338.0,1.0,float32,1.7791313000489026,0.000251599936746,0.1825771590528778,0.1825771590528778,0.1825771590528778,0.2987635488111442,0.0792953824495019,0.2406703539320107,0.1277535217079596,0.2116237564924443,0.2246698002248753,6221.3046875
confirmation,turbidity_s2,turbidity,2,3,raw_msp,full,75350016.0,0.2131602467078441,0.7580232020164641,0.4404011734067518,0.0977503307088627,0.0245306266792394,0.0732197040296233,7290496.0,5859262.0,421455.0,0.9810055249357876,float32,5.400214200024493,0.8129088000860065,0.1789869003690898,0.1490327703368832,0.1229763552491623,0.5498156470296889,0.1289676862146228,0.5207203660994383,0.2442858843449742,0.4696701695190879,0.4406733447775863,6248.62890625
confirmation,turbidity_s2,turbidity,2,3,raw_msp,boundary,7003338.0,0.4174869183809206,0.5926853997693361,0.5088504472002289,0.3676425936070542,0.1026947310102135,0.2649478625968407,3926381.0,1529567.0,1121.0,0.6577611990168117,float32,5.400214200024493,0.4505232999799773,0.3997001430270164,0.3849319369279402,0.3706913661790285,0.6100432079550614,0.0730613769331849,0.5775687029331719,0.1383441833612536,0.5477072368327113,0.26238302046445,6248.62890625
confirmation,turbidity_s2,turbidity,2,3,raw_msp,interior,68346678.0,0.192223329420634,0.7625365522499267,0.4229677821914519,0.0856353972389967,0.0197875210526113,0.0658478761863853,6887086.0,5162311.0,420334.0,0.974764318464754,float32,5.400214200024493,0.7301413000095636,0.1572203451452757,0.1285597765787558,0.1058656575954417,0.5380557865673458,0.139955905439251,0.5072501839152976,0.2638858666570861,0.4468775342611131,0.4649566196619339,6248.62890625
confirmation,turbidity_s2,turbidity,2,3,calibrated_msp,full,75350016.0,0.2131602467078441,0.7563417497939434,0.4386031552175204,0.0984275322548417,0.0245306266792394,0.0738969055756023,9226087.0,8296981.0,87.0,0.98766946512659,float32,5.832151600043289,1.0473500000080094,0.1795670865318936,0.1491589625237804,0.123279695149183,0.5455844603624525,0.1279751965367396,0.5154986908652003,0.2418362364429475,0.4691653963728212,0.4401997356681402,6248.62890625
confirmation,turbidity_s2,turbidity,2,3,calibrated_msp,boundary,7003338.0,0.4174869183809206,0.5955521652511988,0.5115911426454999,0.3659221601152866,0.1026947310102135,0.2632274291050731,4589255.0,1656482.0,12.0,0.5812321210257166,float32,5.832151600043289,0.5255572999594733,0.3985294315965162,0.3842367328011943,0.3699506990237513,0.6174644288772686,0.073950174008591,0.5881041522092794,0.1408677240570098,0.5504875768799841,0.263714962002671,6248.62890625
confirmation,turbidity_s2,turbidity,2,3,calibrated_msp,interior,68346678.0,0.192223329420634,0.7602414355193283,0.4199304320315317,0.0863981372167301,0.0197875210526113,0.0666106161641187,8974027.0,7873564.0,87.0,0.9838988077811184,float32,5.832151600043289,0.989854000043124,0.1578462619276095,0.1289137022310267,0.1061217068931311,0.5293161862434281,0.137682612024242,0.5016169768597392,0.260955313306783,0.4454618508379422,0.4634836626916595,6248.62890625
confirmation,turbidity_s2,turbidity,2,3,entropy,full,75350016.0,0.2131602467078441,0.7373737042503867,0.4003145409597137,0.1030527162820639,0.0245306266792394,0.0785220896028245,27515724.0,17705502.0,24.0,0.8698046460932404,float32,5.801188500015996,3.3837801000336185,0.1860918362499317,0.1626583019409029,0.1361664871741805,0.4938610500700597,0.1158426779651477,0.4567759460006336,0.2142875969152483,0.4151680310694601,0.3895360973924242,6248.62890625
confirmation,turbidity_s2,turbidity,2,3,entropy,boundary,7003338.0,0.4174869183809206,0.5680278561358222,0.4826615148084399,0.3791852245376639,0.1026947310102135,0.2764904935274504,5089323.0,1404509.0,10.0,0.4738488989107765,float32,5.801188500015996,0.5673258999595419,0.4037101350863596,0.3930045151678548,0.3832070296268902,0.5605553921414639,0.0671345050041008,0.5414773522347909,0.1296992751219131,0.5154169296364306,0.2469141207236331,6248.62890625
confirmation,turbidity_s2,turbidity,2,3,entropy,interior,68346678.0,0.192223329420634,0.7415641905185438,0.3794127254220161,0.0905264666050001,0.0197875210526113,0.0707389455523888,26966817.0,16839452.0,22.0,0.851823595581339,float32,5.801188500015996,3.0926587999565527,0.1655778901457148,0.1421410431635014,0.1155722747061651,0.4713132127754167,0.1225952198382492,0.4320323240280289,0.2247554123490446,0.3925525089775497,0.4084337958850378,6248.62890625
confirmation,turbidity_s2,turbidity,2,3,probability_margin,full,75350016.0,0.2131602467078441,0.7570158453852193,0.4346115968398101,0.0980832820569395,0.0245306266792394,0.0735526553777001,15679400.0,13421463.0,159.0,0.970034020961588,float32,5.8577909000450745,1.7584561000112444,0.1792182343394011,0.1491328200830569,0.1229592667454507,0.541836087103892,0.1270959581432218,0.5186383659884894,0.2433091542775116,0.4692699484353156,0.4402978328224262,6248.62890625
confirmation,turbidity_s2,turbidity,2,3,probability_margin,boundary,7003338.0,0.4174869183809206,0.591326358927794,0.4999781684898844,0.3679597848555688,0.1026947310102135,0.2652650538453553,5211073.0,1358231.0,37.0,0.4498563399339001,float32,5.8577909000450745,0.5688919000094756,0.4016369969562137,0.3861604581100692,0.371398681893962,0.5700965539299819,0.068277195240991,0.5601355924458901,0.1341684560035187,0.5427924390362313,0.2600285518650032,6248.62890625
confirmation,turbidity_s2,turbidity,2,3,probability_margin,interior,68346678.0,0.192223329420634,0.7613950307375202,0.417813173856323,0.085975358973336,0.0197875210526113,0.0661878379207246,15219800.0,12483339.0,122.0,0.959962048192013,float32,5.8577909000450745,1.695903699961491,0.1573881562740649,0.128647625275671,0.1060031446820229,0.533673837558752,0.13881609864524,0.5057399130433257,0.2631001811106343,0.4465261516726196,0.4645910213759872,6248.62890625
confirmation,turbidity_s2,turbidity,2,3,logit_margin,full,75350016.0,0.2131602467078441,0.7558690062768595,0.4315272288096812,0.0984002082453113,0.0245306266792394,0.0738695815660719,9724952.0,5113876.0,439.0,0.9388045783560284,float32,6.003171700052917,1.0952242000494152,0.1796284423177386,0.1498980018468144,0.1240066506357429,0.5370273624346749,0.1259679980759111,0.5149464987480008,0.2415771861955204,0.4662092180765181,0.4374260679708184,6248.62890625
confirmation,turbidity_s2,turbidity,2,3,logit_margin,boundary,7003338.0,0.4174869183809206,0.5871534102904524,0.4959198222638096,0.3703673526802549,0.1026947310102135,0.2676726216700414,3153346.0,1130586.0,76.0,0.7111720154017984,float32,6.003171700052917,0.3651803999673575,0.402386663186845,0.3875459498773807,0.3732815185900112,0.562838285559159,0.0674079140582686,0.5533892399912039,0.1325525121058128,0.5372507974766326,0.2573737893332038,6248.62890625
confirmation,turbidity_s2,turbidity,2,3,logit_margin,interior,68346678.0,0.192223329420634,0.7605948374520746,0.4150450375644394,0.0861799886479882,0.0197875210526113,0.0663924675953768,8900020.0,4652199.0,439.0,0.9378489032049224,float32,6.003171700052917,1.1677345000207424,0.1577937935422492,0.1293409008554055,0.106728887964563,0.5296557664808029,0.1377709416375973,0.5020891904444992,0.2612009721453857,0.443753042088755,0.4617057215808257,6248.62890625
confirmation,turbidity_s2,turbidity,2,3,energy,full,75350016.0,0.2131602467078441,0.6747005369521111,0.3183756626963772,0.124907321312062,0.0245306266792394,0.1003766946328226,11484239.0,8544700.0,52.0,0.9609882100091393,float32,7.418816399993375,1.805185200064443,0.1975973904894071,0.1796223982234376,0.159562498061428,0.3580387901688679,0.0839834853602636,0.3532259580024001,0.1657091236330464,0.3473116474731305,0.3258690785682912,6248.62890625
confirmation,turbidity_s2,turbidity,2,3,energy,boundary,7003338.0,0.4174869183809206,0.5492497249441278,0.4477881617231882,0.380084605134141,0.1026947310102135,0.2773898741239275,4219763.0,1773535.0,13.0,0.65070542075793,float32,7.418816399993375,0.6687641999451444,0.4135313235512267,0.4072218411539782,0.3991910388861475,0.4415264716549532,0.052879093727961,0.4530880979646854,0.1085275268297921,0.4585476358423266,0.2196704838426131,6248.62890625
confirmation,turbidity_s2,turbidity,2,3,energy,interior,68346678.0,0.192223329420634,0.6797380415605195,0.2953473679589649,0.1095441501854847,0.0197875210526113,0.0897566291328733,11322691.0,8354384.0,50.0,0.9565698423557616,float32,7.418816399993375,1.7565680000698194,0.1771910593020424,0.1595822560361062,0.1399467107556172,0.3343535800547609,0.0869700860053144,0.3275137708062612,0.1703819101340578,0.3227876247975761,0.335846471098034,6248.62890625
confirmation,turbidity_s2,turbidity,2,3,local_disagreement,full,75350016.0,0.2131602467078441,0.5261255703962477,0.2356475831783901,0.2042741573376123,0.0245306266792394,0.1797435306583729,9.0,9.0,73191180.0,1.0,float32,2.0644071000861004,0.0004479000344872,0.2041494480619113,0.2041494480619113,0.2041494480619112,0.3843654114136968,0.0901587978420689,0.294257429737804,0.1380451795788828,0.2492034388998576,0.2338179430525106,6248.62890625
confirmation,turbidity_s2,turbidity,2,3,local_disagreement,boundary,7003338.0,0.4174869183809206,0.522236158904336,0.4330444608835294,0.4059889138423038,0.1026947310102135,0.3032941828320903,9.0,9.0,5985944.0,1.0,float32,0.1927401000866666,0.0003073000116273,0.4074356470416753,0.4052425147980001,0.4052425147980001,0.5180620698398628,0.0620453234554238,0.5079484448268798,0.1216681451614671,0.4664645152289397,0.2234631208326311,6248.62890625
confirmation,turbidity_s2,turbidity,2,3,local_disagreement,interior,68346678.0,0.192223329420634,0.5189608637556776,0.2096149873122892,0.1862868943834543,0.0197875210526113,0.1664993733308429,9.0,9.0,67205236.0,1.0,float32,1.743205799954012,0.0002997000701725,0.1862381675142097,0.1862381675142097,0.1862381675142097,0.3059414021398696,0.0795796774550256,0.2460897848270397,0.128022853817995,0.2161639761706247,0.2249092065439337,6248.62890625
confirmation,turbidity_s3,turbidity,3,3,raw_msp,full,75350016.0,0.226836673797123,0.7549742022955465,0.452432016621059,0.1071431519306791,0.0279288385431241,0.079214313387555,7292956.0,5946354.0,344972.0,0.9821287098333198,float32,7.627422400051728,1.2592499000020323,0.1932949362320424,0.1625104244751904,0.1345253651662834,0.5593715834448352,0.1232983193977912,0.5287122684240827,0.2330806071349608,0.4841416929949056,0.426863708228112,6376.12890625
confirmation,turbidity_s3,turbidity,3,3,raw_msp,boundary,7003338.0,0.4292444545729479,0.5879170715320104,0.5161399590060788,0.3814086213902761,0.1091680107979489,0.2722406105923272,3864118.0,1495466.0,914.0,0.6617824243239439,float32,7.627422400051728,0.5709207999752834,0.4122739867729757,0.3977274410723028,0.3840796746531297,0.6145953216608075,0.0715903828958293,0.5819794555169391,0.1355823273934981,0.5553128935622146,0.2587397676225756,6376.12890625
confirmation,turbidity_s3,turbidity,3,3,raw_msp,interior,68346678.0,0.2060963811584229,0.7607115880714558,0.437204655346042,0.0943674151683794,0.0228688149853587,0.0714986001830207,6934930.0,5319912.0,344058.0,0.976370204854726,float32,7.627422400051728,0.9615952998865396,0.1717038482126685,0.1410612253049677,0.1155525824393979,0.5488208059264912,0.1331466420957031,0.5156292156400282,0.2501883962398701,0.4662369847372249,0.4524455943960824,6376.12890625
confirmation,turbidity_s3,turbidity,3,3,calibrated_msp,full,75350016.0,0.226836673797123,0.753535792330617,0.4519358336640551,0.1079193440319948,0.0279288385431241,0.0799905054888706,9237624.0,8329604.0,80.0,0.9879493058103664,float32,7.740452500060201,1.4406297999667004,0.1932482471290138,0.1621819767468641,0.1348998839928219,0.5624981917722118,0.1239874955440062,0.5291325440627326,0.2332658839043321,0.4854554561940837,0.4280220423254414,6376.12890625
confirmation,turbidity_s3,turbidity,3,3,calibrated_msp,boundary,7003338.0,0.4292444545729479,0.5925079062125951,0.5203058404979584,0.37896886451423,0.1091680107979489,0.2698008537162811,4619838.0,1652592.0,12.0,0.5763097540058755,float32,7.740452500060201,0.6912049999227747,0.4100995741978098,0.3961508716110584,0.3818731250014024,0.6278061610602941,0.0731292313342275,0.601548689625236,0.140141323901982,0.5616188133090783,0.2616779169594004,6376.12890625
confirmation,turbidity_s3,turbidity,3,3,calibrated_msp,interior,68346678.0,0.2060963811584229,0.7584759514279382,0.4353795348002628,0.0952975394640532,0.0228688149853587,0.0724287244786945,8995531.0,7944367.0,78.0,0.9846201156989663,float32,7.740452500060201,1.4781635999679563,0.1716820525944487,0.1412484509351524,0.1161744404968994,0.5455636860000614,0.1323564486911818,0.5158253593185618,0.2502835670930267,0.4654880822301829,0.4517188445863599,6376.12890625
confirmation,turbidity_s3,turbidity,3,3,entropy,full,75350016.0,0.226836673797123,0.7347832107251681,0.414999463713837,0.1128042015055864,0.0279288385431241,0.0848753629624623,27313894.0,17654214.0,26.0,0.87180254878778,float32,7.523721700068563,4.77693970000837,0.1989227680625006,0.1756509604903068,0.1484653183887795,0.5199972076981533,0.114619304409212,0.4780618505476176,0.2107515808283184,0.431579519879961,0.3805200769048553,6376.12890625
confirmation,turbidity_s3,turbidity,3,3,entropy,boundary,7003338.0,0.4292444545729479,0.5682075448854733,0.495027179924333,0.3906524903695091,0.1091680107979489,0.2814844795715601,5163909.0,1368901.0,11.0,0.4581144020180091,float32,7.523721700068563,0.7463664000388235,0.4151632435639826,0.4036471175980171,0.3937383333703905,0.5782983547850026,0.0673623751889463,0.5559761485234188,0.1295244006940452,0.5316334777406209,0.2477066966851887,6376.12890625
confirmation,turbidity_s3,turbidity,3,3,entropy,interior,68346678.0,0.2060963811584229,0.7397209022674229,0.3956106293851639,0.0997622067301287,0.0228688149853587,0.07689339174477,26749803.0,16794169.0,21.0,0.8543362414776033,float32,7.523721700068563,4.233786099939607,0.1785411043544,0.1553225411326745,0.127049825286734,0.4978443722504151,0.1207795071462074,0.4540939296539349,0.2203308667476501,0.4091917538224659,0.3970877736877218,6376.12890625
confirmation,turbidity_s3,turbidity,3,3,probability_margin,full,75350016.0,0.226836673797123,0.7538933852196238,0.4465472753224586,0.1075917952331795,0.0279288385431241,0.0796629566900554,15712632.0,13461888.0,136.0,0.9701294821224724,float32,8.459324899944477,2.321019500028342,0.193539960631629,0.1625683679486488,0.13457256394216,0.5503104341873066,0.1213010343938132,0.5265070931633462,0.2321084647821014,0.4839099135828586,0.4266593502462466,6376.12890625
confirmation,turbidity_s3,turbidity,3,3,probability_margin,boundary,7003338.0,0.4292444545729479,0.5867884491567452,0.5076352331599807,0.38160702605588,0.1091680107979489,0.272439015257931,5249883.0,1341769.0,31.0,0.4419641034032628,float32,8.459324899944477,0.7520316999871284,0.4141027969992091,0.3986669929396175,0.3845786203600446,0.5721089270738434,0.0666414072867655,0.5655201660921789,0.1317478470758553,0.5515546867637442,0.2569886871686785,6376.12890625
confirmation,turbidity_s3,turbidity,3,3,probability_margin,interior,68346678.0,0.2060963811584229,0.7594580945109883,0.4318523704202981,0.0948429846355431,0.0228688149853587,0.0719741696501844,15284115.0,12560554.0,105.0,0.960150791820489,float32,8.459324899944477,2.299181499984116,0.1718792123378961,0.1411019642999112,0.11578898964157,0.5425613943500986,0.1316280778869634,0.5140510116950816,0.2494226360735547,0.4660740653386528,0.4522874941883797,6376.12890625
confirmation,turbidity_s3,turbidity,3,3,logit_margin,full,75350016.0,0.226836673797123,0.7529124074595396,0.4433093573928641,0.1078141053440905,0.0279288385431241,0.0798852668009664,9584735.0,5005036.0,435.0,0.9392209949895698,float32,7.675039100111462,1.3758487000595778,0.1941228158198691,0.1635840058627724,0.135607533846044,0.5450796164354037,0.1201480422558968,0.5212613967012438,0.2297959212886869,0.4798473400095537,0.4230774128805079,6376.12890625
confirmation,turbidity_s3,turbidity,3,3,logit_margin,boundary,7003338.0,0.4292444545729479,0.5822209039694424,0.5032558695240398,0.3842337144249534,0.1091680107979489,0.2750657036270044,3173205.0,1151654.0,67.0,0.7113446473667271,float32,7.675039100111462,0.4662145000183955,0.4148332422392176,0.4001133693962346,0.386653345129068,0.5648390625044621,0.0657945860211619,0.5589454040332686,0.130216140872904,0.5457688759934546,0.2542928748589555,6376.12890625
confirmation,turbidity_s3,turbidity,3,3,logit_margin,interior,68346678.0,0.2060963811584229,0.7589531875407336,0.4290007483914497,0.0949024798990881,0.0228688149853587,0.0720336649137294,8765264.0,4547559.0,427.0,0.9382895391053242,float32,7.675039100111462,1.3161809999728575,0.1724138808998057,0.1419308420552427,0.1162778628076293,0.5377988931570903,0.1304726715412521,0.5092389159322623,0.2470877596062505,0.4627585421852239,0.4490700449233185,6376.12890625
confirmation,turbidity_s3,turbidity,3,3,energy,full,75350016.0,0.226836673797123,0.6672344775160938,0.3257506848104849,0.1370228993698271,0.0279288385431241,0.1090940608267029,11358989.0,8492424.0,45.0,0.9619566769567772,float32,7.66351730003953,1.6565546999918297,0.2126952180132969,0.1957545662772169,0.1753246332061303,0.3537093762075787,0.0779656545530195,0.3541097533882538,0.1561078137228751,0.3511651003322008,0.3096193513118432,6376.12890625
confirmation,turbidity_s3,turbidity,3,3,energy,boundary,7003338.0,0.4292444545729479,0.5503345818433739,0.460980963599684,0.3905018172356641,0.1091680107979489,0.2813338064377151,4235142.0,1770041.0,13.0,0.6480105629629757,float32,7.66351730003953,0.6251897000474855,0.4248808306514115,0.4179918828001858,0.4094806211812856,0.4528767702267775,0.0527527956079282,0.468517878612205,0.1091494619020246,0.4742551411183807,0.2209721157735624,6376.12890625
confirmation,turbidity_s3,turbidity,3,3,energy,interior,68346678.0,0.2060963811584229,0.672457422953279,0.3034872376789963,0.1211439123393341,0.0228688149853587,0.0982750973539754,11207849.0,8314898.0,42.0,0.957672397771842,float32,7.66351730003953,1.6075145000359043,0.1924449751540626,0.1757488537280031,0.1551467425644193,0.329910538448978,0.0800379284315075,0.3289590448494142,0.1596141827559497,0.3274864997100079,0.3177993785746034,6376.12890625
confirmation,turbidity_s3,turbidity,3,3,local_disagreement,full,75350016.0,0.226836673797123,0.5242658260526882,0.2476003691946761,0.2182072067261855,0.0279288385431241,0.1902783681830614,9.0,9.0,73215543.0,1.0,float32,1.9957043000031265,0.000201900023967,0.2180870802255745,0.2180870802255745,0.2180870802255745,0.3930789423669988,0.0866436093983166,0.3055830112962864,0.134715001063561,0.2618350457609305,0.2308577843940498,6376.12890625
confirmation,turbidity_s3,turbidity,3,3,local_disagreement,boundary,7003338.0,0.4292444545729479,0.5191323308794382,0.4425352644797712,0.4193247441399886,0.1091680107979489,0.3101567333420396,9.0,9.0,6057791.0,1.0,float32,0.1698205999564379,0.0002217000583186,0.420091185184319,0.4187331652742724,0.4187331652742724,0.5222878647627892,0.0608380618960341,0.5116239008346809,0.1191917662517681,0.4712895967586837,0.219590364570956,6376.12890625
confirmation,turbidity_s3,turbidity,3,3,local_disagreement,interior,68346678.0,0.2060963811584229,0.5183496342038608,0.2227777672117775,0.200040267236145,0.0228688149853587,0.1771714522507863,9.0,9.0,67157752.0,1.0,float32,1.6664850000524891,0.0003047999925911,0.1999883200378714,0.1999883200378714,0.1999883200378714,0.3221495388741493,0.0781550715471913,0.2610689294560105,0.1266732271707774,0.2305286247469409,0.2237095384179494,6376.12890625
confirmation,lowlight_s1,lowlight,1,3,raw_msp,full,75350016.0,0.2106474934258806,0.7641795944001085,0.4418938024429831,0.0938503739542126,0.0239322505988352,0.0699181233553773,7197798.0,5784610.0,440945.0,0.9812450205717276,float32,7.556834800052457,1.347342299995944,0.1763687068416928,0.147454610820055,0.1206547644732737,0.5568661207168003,0.1321796289197972,0.5191565974368686,0.2464575374495378,0.4634190257300907,0.4399948395246617,6481.91015625
confirmation,lowlight_s1,lowlight,1,3,raw_msp,boundary,7003338.0,0.4157241875231496,0.5894450636995162,0.5035945404971975,0.3671252439160363,0.1017448092408408,0.2653804346751954,3910276.0,1535905.0,1698.0,0.6609658137305382,float32,7.556834800052457,0.6719756000675261,0.3985214988723632,0.3840095197451358,0.3701965001590058,0.5998547359783575,0.0721457790148827,0.5705491950983388,0.1372422810984328,0.5425825391884443,0.2610301302749792,6481.91015625
confirmation,lowlight_s1,lowlight,1,3,raw_msp,interior,68346678.0,0.1896337229440763,0.7699384652351043,0.4259049808667641,0.0816895433827246,0.0192388651569962,0.0624506782257284,6789601.0,5080757.0,439247.0,0.9749974095302774,float32,7.556834800052457,0.9766806999687104,0.154769616186558,0.1268717255910342,0.1021184695462785,0.547776424546152,0.1444301235221342,0.5034107484567405,0.2654647893699236,0.4406817356955535,0.4647714992348652,6481.91015625
confirmation,lowlight_s1,lowlight,1,3,calibrated_msp,full,75350016.0,0.2106474934258806,0.7635153813735873,0.444119787234753,0.0942568544177819,0.0239322505988352,0.0703246038189466,9127191.0,8242989.0,83.0,0.9882654039516064,float32,7.68156729999464,1.3224909000564369,0.1760621940927585,0.1468324500859016,0.12071948149334,0.5658623249204181,0.1343149984261882,0.5219151810886492,0.2477671109713287,0.465907656693389,0.4423576790295944,6481.91015625
confirmation,lowlight_s1,lowlight,1,3,calibrated_msp,boundary,7003338.0,0.4157241875231496,0.5921815151084768,0.507007023258742,0.3655736383614366,0.1017448092408408,0.2638288291205957,4576510.0,1663985.0,12.0,0.5841233137683773,float32,7.68156729999464,0.6585921000223607,0.3971792026184336,0.3830074976738773,0.3694009612150287,0.6087523952856779,0.0732159190398484,0.5826291455219937,0.1401480427153827,0.54659098373062,0.2629585461849514,6481.91015625
confirmation,lowlight_s1,lowlight,1,3,calibrated_msp,interior,68346678.0,0.1896337229440763,0.7687837546671886,0.4276460448212879,0.0821756339125566,0.0192388651569962,0.0629367687555604,8875941.0,7825257.0,83.0,0.9846271387177004,float32,7.68156729999464,1.3276670998893678,0.1545850777013289,0.126541142069969,0.1023820260886332,0.5522132165015184,0.1455999555584188,0.5050715704113207,0.266340594568174,0.4420040384028686,0.4661660853089878,6481.91015625
confirmation,lowlight_s1,lowlight,1,3,entropy,full,75350016.0,0.2106474934258806,0.7468402123703725,0.4084120809236935,0.0982718879032803,0.0239322505988352,0.0743396373044451,27411089.0,17591901.0,23.0,0.8696856547449173,float32,8.009710400016047,4.59823890007101,0.1825995319768048,0.1578902264005815,0.1310201932775495,0.5087690753101326,0.1207631512827511,0.4630791515826185,0.2198360724042459,0.4216765569538004,0.4003623043225263,6481.91015625
confirmation,lowlight_s1,lowlight,1,3,entropy,boundary,7003338.0,0.4157241875231496,0.565174983132372,0.4785967270460532,0.3783024689782228,0.1017448092408408,0.2765576597373819,5056322.0,1422002.0,10.0,0.4810588893467658,float32,8.009710400016047,0.7521859999978915,0.4028202420908757,0.3925856078288373,0.3835447257093912,0.5599813803128222,0.067350127444781,0.5318590843797388,0.127935600628826,0.5082781929764941,0.244526709479137,6481.91015625
confirmation,lowlight_s1,lowlight,1,3,entropy,interior,68346678.0,0.1896337229440763,0.7525598819140368,0.3900902019166854,0.0857149740828349,0.0192388651569962,0.0664761089258387,26874274.0,16751541.0,22.0,0.851891367712122,float32,8.009710400016047,4.1021531000733376,0.1616560382004093,0.1369573865357722,0.1102799289546414,0.4888034063980869,0.1288809324399238,0.441432890375948,0.2327818578046862,0.4003390508507509,0.42222349100193,6481.91015625
confirmation,lowlight_s1,lowlight,1,3,probability_margin,full,75350016.0,0.2106474934258806,0.7632440187394084,0.4356956285182344,0.0941486505288809,0.0239322505988352,0.0702163999300456,15684099.0,13444466.0,144.0,0.9702769406180352,float32,7.577669800026342,2.3271110000787303,0.1767491928840046,0.1475120119831427,0.1207545843387048,0.5473001533377164,0.1299090184958795,0.515732178969561,0.2448318743127961,0.4631894059218563,0.4397768261823812,6481.91015625
confirmation,lowlight_s1,lowlight,1,3,probability_margin,boundary,7003338.0,0.4157241875231496,0.5878878462528185,0.4950044646794371,0.3675877580615769,0.1017448092408408,0.265842948820736,5214996.0,1358025.0,39.0,0.4492667639345695,float32,7.577669800026342,0.7286217999644578,0.4002579721894557,0.3854506181069708,0.3709320677056677,0.5625772845527991,0.067662342256815,0.5549202237789398,0.1334828232050138,0.5368183252562349,0.2582570341928457,6481.91015625
confirmation,lowlight_s1,lowlight,1,3,probability_margin,interior,68346678.0,0.1896337229440763,0.7689250848700528,0.4201852731260665,0.0819853524630132,0.0192388651569962,0.062746487306017,15218920.0,12498783.0,105.0,0.9602008893541248,float32,7.577669800026342,2.208196399966255,0.1550119983884123,0.1268912884080706,0.1021764355776511,0.5401745922406179,0.1424257773515364,0.5012292477118128,0.2643144133846314,0.440603479203379,0.4646889648699331,6481.91015625
confirmation,lowlight_s1,lowlight,1,3,logit_margin,full,75350016.0,0.2106474934258806,0.7617180502677615,0.4318551711268882,0.0946380754264683,0.0239322505988352,0.0707058248276331,9755643.0,5143484.0,451.0,0.9387902054327368,float32,8.153624600032344,1.3807165999896824,0.1773968124905671,0.148525167040027,0.121557968362961,0.5404378717410352,0.128280164088603,0.5099036470063313,0.2420649141283439,0.4591368389815955,0.4359291021107727,6481.91015625
confirmation,lowlight_s1,lowlight,1,3,logit_margin,boundary,7003338.0,0.4157241875231496,0.5839958385930211,0.4911196128695823,0.3698495345349299,0.1017448092408408,0.268104725294089,3170287.0,1143652.0,69.0,0.7106187078218986,float32,8.153624600032344,0.4721527000656351,0.401002960757078,0.3868425851407897,0.3729896577897439,0.5560332641282588,0.0668752792845644,0.5482150897524132,0.1318699423232651,0.5312506128028437,0.2555784726799446,6481.91015625
confirmation,lowlight_s1,lowlight,1,3,logit_margin,interior,68346678.0,0.1896337229440763,0.7676582120794377,0.4164437563648824,0.0823708599274955,0.0192388651569962,0.0631319947704993,8926911.0,4681557.0,444.0,0.9378849985949572,float32,8.153624600032344,1.2983101999852806,0.1556010891773788,0.1277637978860823,0.1026559656206514,0.5333262472466022,0.1406201003105293,0.4959274632851755,0.2615186107713249,0.4371134047769401,0.4610081063450001,6481.91015625
confirmation,lowlight_s1,lowlight,1,3,energy,full,75350016.0,0.2106474934258806,0.6873806777426407,0.3283538421293427,0.118511700249069,0.0239322505988352,0.0945794496502338,11477096.0,8514537.0,45.0,0.9606827024429564,float32,7.693097100011073,1.6757080999668688,0.1925351045045112,0.1721125292391692,0.1519509181266277,0.3687675199024499,0.0875319078051235,0.3736589585510395,0.1773859125071539,0.3647873617020937,0.3463486558841029,6481.91015625
confirmation,lowlight_s1,lowlight,1,3,energy,boundary,7003338.0,0.4157241875231496,0.5479006483619884,0.4447582765438933,0.3788090296855171,0.1017448092408408,0.2770642204446762,4209284.0,1775915.0,12.0,0.65254154518888,float32,7.693097100011073,0.60001299995929,0.4121010533864402,0.4059688673491625,0.3973483123117267,0.4358805941165215,0.0524242672998433,0.4483325099166969,0.107843770318435,0.4547455214226354,0.2187727656633774,6481.91015625
confirmation,lowlight_s1,lowlight,1,3,energy,interior,68346678.0,0.1896337229440763,0.6938396690801383,0.3066957894701242,0.1032043066170385,0.0192388651569962,0.0839654414600422,11296077.0,8319224.0,45.0,0.9564448033597184,float32,7.693097100011073,1.620872400002554,0.1713852137568084,0.1516800538997173,0.1321613601246167,0.3489973261529102,0.0920187957466806,0.3538703539974998,0.1866072968767355,0.3414484068575094,0.360113603791731,6481.91015625
confirmation,lowlight_s1,lowlight,1,3,local_disagreement,full,75350016.0,0.2106474934258806,0.5258427114683287,0.2327507340990331,0.2019347548706309,0.0239322505988352,0.1780025042717956,9.0,9.0,73209825.0,1.0,float32,1.8877578999381512,0.0002550999633967,0.201813772946459,0.201813772946459,0.201813772946459,0.3784881731560261,0.0898392349922431,0.2901509730512426,0.1377424358273561,0.2459823729988508,0.2335488374975821,6481.91015625
confirmation,lowlight_s1,lowlight,1,3,local_disagreement,boundary,7003338.0,0.4157241875231496,0.52163701892553,0.4310528872109763,0.4045598123063327,0.1017448092408408,0.3028150030654919,9.0,9.0,5976649.0,1.0,float32,0.1667140000499785,0.0003074000123888,0.4058881858110251,0.4038462021109153,0.4038462021109153,0.5152355222084952,0.0619684498535208,0.5042482813828599,0.1212939830105627,0.463236112211629,0.2228574898476048,6481.91015625
confirmation,lowlight_s1,lowlight,1,3,local_disagreement,interior,68346678.0,0.1896337229440763,0.5185074080931826,0.2064642798019282,0.183900137398218,0.0192388651569962,0.1646612722412217,9.0,9.0,67233176.0,1.0,float32,1.6474528000690043,0.0002121999859809,0.1838542329162019,0.1838542329162019,0.1838542329162019,0.2994440300912344,0.0789532669097167,0.2416491315037183,0.1274294122497706,0.2127516822099602,0.2243817029298782,6481.91015625
confirmation,lowlight_s2,lowlight,2,3,raw_msp,full,75350016.0,0.216147465715203,0.7587582827371998,0.4407590179500479,0.0991942685322184,0.0252524323323736,0.0739418361998447,7145078.0,5722032.0,417077.0,0.981114191137,float32,6.916577099938877,1.0352996999863535,0.1826879194821382,0.1531718150093962,0.1274886073587394,0.5472576649614693,0.1265935948409486,0.5172834725193172,0.2393197154859037,0.4680500416589139,0.4330840197056312,6481.91015625
confirmation,lowlight_s2,lowlight,2,3,raw_msp,boundary,7003338.0,0.4245144244073326,0.5870259012063899,0.5124206538335894,0.3782970214760349,0.106534982650318,0.2717620388257168,3863387.0,1511118.0,1909.0,0.6641217373772336,float32,6.916577099938877,0.5782830000389367,0.4071391344287368,0.3925268858371302,0.378959769595603,0.6121507737736566,0.0721001352834056,0.5808928311348585,0.136837045722562,0.5524642527708208,0.260280630658812,6481.91015625
confirmation,lowlight_s2,lowlight,2,3,raw_msp,interior,68346678.0,0.194796548853479,0.7642853672210788,0.4227131901533199,0.0865358929881597,0.0203409282498393,0.0661949647383204,6731495.0,5018974.0,415168.0,0.9749436102805172,float32,6.916577099938877,0.9974689000518993,0.160793470888149,0.1324830469542018,0.1083683029847306,0.5338471451722308,0.1370268528718957,0.5008242536433372,0.2571012018675203,0.4440505376413309,0.4559121331963616,6481.91015625
confirmation,lowlight_s2,lowlight,2,3,calibrated_msp,full,75350016.0,0.216147465715203,0.7581754796728175,0.4409787698572108,0.0994489299841008,0.0252524323323736,0.0741964976517272,9095926.0,8217839.0,81.0,0.9883465585461854,float32,7.4417902999557555,1.3451135999057442,0.1831576274074406,0.1531895562869975,0.1271014467364863,0.5489114667786419,0.1269761581755437,0.5130560184323774,0.2373638959728834,0.4679791281630273,0.4330184038545117,6481.91015625
confirmation,lowlight_s2,lowlight,2,3,calibrated_msp,boundary,7003338.0,0.4245144244073326,0.5900511649227281,0.516478796850423,0.3767087133380677,0.106534982650318,0.2701737306877497,4602115.0,1662857.0,12.0,0.580306134017807,float32,7.4417902999557555,0.772737400024198,0.405105977228322,0.3913280826234487,0.3778669234693576,0.630436334663175,0.0742538390282198,0.599189815145345,0.1411471440805269,0.5572598217421973,0.2625399509858332,6481.91015625
confirmation,lowlight_s2,lowlight,2,3,calibrated_msp,interior,68346678.0,0.194796548853479,0.7632920400380585,0.4218741533733608,0.0868642519391801,0.0203409282498393,0.0665233236893407,8844607.0,7806344.0,81.0,0.9848088739587314,float32,7.4417902999557555,1.2559287999756634,0.1614191738910958,0.1323577822196454,0.1080393132282005,0.5271823005887045,0.135316133452639,0.4951930364430284,0.2542103819848085,0.4445516174722333,0.4564265980044031,6481.91015625
confirmation,lowlight_s2,lowlight,2,3,entropy,full,75350016.0,0.216147465715203,0.742047729926354,0.4050916559409446,0.1033555608387914,0.0252524323323736,0.0781031285064177,27290408.0,17584696.0,23.0,0.8711916398265928,float32,7.144162800046615,4.413323799963109,0.1894974660110301,0.1656189838578833,0.1369715277531835,0.4960572671380843,0.1147497362113845,0.4559974569349815,0.2109659160855949,0.4182614019213266,0.3870148768490147,6481.91015625
confirmation,lowlight_s2,lowlight,2,3,entropy,boundary,7003338.0,0.4245144244073326,0.5622774001505083,0.4866544880235958,0.3894565021289864,0.106534982650318,0.2829215194786684,5106551.0,1400821.0,10.0,0.4708623230807937,float32,7.144162800046615,0.7268335999688134,0.4113360214691246,0.4016535446515896,0.3929376948177981,0.5742974066659623,0.067641702808392,0.5431194258739401,0.1279390168508902,0.5159578620106025,0.2430814972081119,6481.91015625
confirmation,lowlight_s2,lowlight,2,3,entropy,interior,68346678.0,0.194796548853479,0.7478156406518466,0.3847046672489574,0.090276186647334,0.0203409282498393,0.0699352583974947,26744337.0,16737683.0,20.0,0.8535897531113363,float32,7.144162800046615,3.935879199998453,0.1687014102010093,0.1440560526139684,0.1144161149016019,0.4725748200205189,0.1212995909400672,0.4296527644064057,0.2205648814149818,0.3977585451114817,0.4083835767029999,6481.91015625
confirmation,lowlight_s2,lowlight,2,3,probability_margin,full,75350016.0,0.216147465715203,0.7579498430967173,0.4346570866964774,0.0994126928431255,0.0252524323323736,0.0741602605107518,15684508.0,13465446.0,149.0,0.9705499465321944,float32,7.593233100022189,2.3046859999885783,0.183044953771879,0.1531892005398207,0.1275160199034555,0.5367109922465845,0.1241539008940722,0.5140700502989722,0.2378330349086882,0.4679805216596713,0.433019693248966,6481.91015625
confirmation,lowlight_s2,lowlight,2,3,probability_margin,boundary,7003338.0,0.4245144244073326,0.5854784065009593,0.5028758815588059,0.3787545959971005,0.106534982650318,0.2722196133467824,5248037.0,1344793.0,35.0,0.4426594860907755,float32,7.593233100022189,0.7475487999618053,0.4091223154669876,0.3936574180422159,0.3795058356861228,0.5712817027304115,0.0672865081879759,0.5630427767322449,0.1326322275882621,0.5479428387026761,0.2581504720119421,6481.91015625
confirmation,lowlight_s2,lowlight,2,3,probability_margin,interior,68346678.0,0.194796548853479,0.7634162573647163,0.4173980342462106,0.0867530363058182,0.0203409282498393,0.0664121080559789,15220417.0,12518727.0,114.0,0.9604707927428456,float32,7.593233100022189,2.228192900074646,0.1610549794359131,0.1325032442292108,0.1084519486699548,0.5258312473992884,0.1349693477326395,0.4984707377154238,0.2558930100332011,0.4439697729282534,0.4558292110748803,6481.91015625
confirmation,lowlight_s2,lowlight,2,3,logit_margin,full,75350016.0,0.216147465715203,0.7561196934819231,0.4312232725486086,0.1000232006697077,0.0252524323323736,0.0747707683373341,9752001.0,5155836.0,417.0,0.939002468161387,float32,7.40574660000857,1.405838100006804,0.183512579063601,0.1541500478990332,0.128358464493287,0.5314841323200711,0.1229448050143936,0.5098614690054819,0.2358859468394482,0.4641371377034227,0.4294634321125611,6481.91015625
confirmation,lowlight_s2,lowlight,2,3,logit_margin,boundary,7003338.0,0.4245144244073326,0.5815059979458408,0.4988608666721879,0.3809797752972266,0.106534982650318,0.2744447926469085,3158807.0,1144477.0,77.0,0.7123757271175545,float32,7.40574660000857,0.453023099922575,0.409855140524242,0.3950406868438286,0.3814933386037943,0.5647269082258667,0.0665144735997989,0.5564473522633486,0.1310785874824841,0.5424097644838034,0.2555436933109722,6481.91015625
confirmation,lowlight_s2,lowlight,2,3,logit_margin,interior,68346678.0,0.194796548853479,0.7617838661136966,0.4141697870309434,0.0872632813997703,0.0203409282498393,0.066922353149931,8945082.0,4699857.0,412.0,0.937886886031242,float32,7.40574660000857,1.314077000017278,0.1614571012173722,0.1332669365444476,0.1091549047284447,0.521447214149289,0.133844062555851,0.4948516031307835,0.2540351051001586,0.4409150159159157,0.4526928545842676,6481.91015625
confirmation,lowlight_s2,lowlight,2,3,energy,full,75350016.0,0.216147465715203,0.6803915635440244,0.3261692908215363,0.1242983848664126,0.0252524323323736,0.0990459525340389,11430951.0,8449306.0,44.0,0.9604294045538092,float32,7.513412699918263,1.6966304999077693,0.1999624655395269,0.1809725057623992,0.1599759550091043,0.3583099248016125,0.0828855297093367,0.3618124587093672,0.1673914966891727,0.3568473063002063,0.3301887663247827,6481.91015625
confirmation,lowlight_s2,lowlight,2,3,energy,boundary,7003338.0,0.4245144244073326,0.5422756541194355,0.4501846904844406,0.3919604203047325,0.106534982650318,0.2854254376544144,4227563.0,1774039.0,12.0,0.6496636318281368,float32,7.513412699918263,0.6332962999586016,0.4213407731708923,0.4161056842352513,0.4080296805380781,0.4440881065320261,0.0523054350831377,0.4530773887887779,0.1067284153678181,0.4581492544985678,0.215846321818435,6481.91015625
confirmation,lowlight_s2,lowlight,2,3,energy,interior,68346678.0,0.194796548853479,0.6871954577353913,0.3042186637007364,0.1082262921610508,0.0203409282498393,0.0878853639112115,11258328.0,8257768.0,43.0,0.9560979393907044,float32,7.513412699918263,1.6197696001036093,0.1786729668129367,0.1600695713605333,0.1393526212041167,0.3362737067633924,0.0863140847676322,0.3399088295144695,0.1744942820915933,0.3337044629359779,0.3426184649216088,6481.91015625
confirmation,lowlight_s2,lowlight,2,3,local_disagreement,full,75350016.0,0.216147465715203,0.524767764861528,0.2372621156477533,0.2076407442099904,0.0252524323323736,0.1823883118776167,9.0,9.0,73252886.0,1.0,float32,1.8113257999066263,0.0002728999825194,0.2075246018293395,0.2075246018293395,0.2075246018293395,0.3799818703916137,0.0878987614557186,0.2937532361104766,0.1359040924826715,0.2506389189699081,0.2319147545365772,6481.91015625
confirmation,lowlight_s2,lowlight,2,3,local_disagreement,boundary,7003338.0,0.4245144244073326,0.5187296075675228,0.4376429186188524,0.4148300958893109,0.106534982650318,0.3082951132389929,9.0,9.0,6034083.0,1.0,float32,0.1676698999945074,0.0001722999149933,0.4155381470044079,0.4142513452334016,0.4142513452334017,0.5156067882506462,0.0607290242512369,0.5053009366272951,0.1190303678457177,0.4655667264485071,0.219340890502909,6481.91015625
confirmation,lowlight_s2,lowlight,2,3,local_disagreement,interior,68346678.0,0.194796548853479,0.5182843268313868,0.2113731259198939,0.1890142159038615,0.0203409282498393,0.1686732876540221,9.0,9.0,67218803.0,1.0,float32,1.6393839999800548,0.0002210000529885,0.1889672001448761,0.1889672001448761,0.1889672001448761,0.3055541709052985,0.0784290537088599,0.2472606855250874,0.1269327892182298,0.2181139428349818,0.2239402602369694,6481.91015625
confirmation,lowlight_s3,lowlight,3,3,raw_msp,full,75350016.0,0.23763261045624728,0.7475612107732111,0.45828992822457326,0.11717862787844538,0.030781981718087895,0.08639664616035748,7141707.0,5764161.0,307666.0,0.9817180397148157,float32,8.948684000060894,1.329380700015463,0.20430027184982558,0.17453718863663814,0.14594493063433295,0.5699619809877513,0.11992504104344295,0.5376236131058757,0.2262415249378952,0.4900143025841267,0.41241337008082546,4872.62109375
confirmation,lowlight_s3,lowlight,3,3,raw_msp,boundary,7003338.0,0.4464645287718514,0.5741077917671087,0.5197121785887797,0.40720792958540947,0.11908735303241587,0.2881205765529936,3746041.0,1454209.0,1874.0,0.6727514793659823,float32,8.948684000060894,0.7021224999334663,0.4319695129545352,0.41967804284777743,0.407477358927657,0.6033549706283002,0.06757033359324179,0.5769204408182381,0.12921980771038993,0.5536108485379833,0.24799775613082242,4872.62109375
confirmation,lowlight_s3,lowlight,3,3,raw_msp,interior,68346678.0,0.21623405017578176,0.7539642701599873,0.44403693236733377,0.10316492928503447,0.02527352340670533,0.07789140587832914,6771675.0,5145649.0,305792.0,0.9762091436250933,float32,8.948684000060894,1.0976695000426844,0.18186623747352368,0.15223924103261566,0.12501302445985724,0.5636171354629076,0.1303257168557913,0.5255443278298229,0.24304421194598047,0.4722132955104769,0.4367612861570895,4872.62109375
confirmation,lowlight_s3,lowlight,3,3,calibrated_msp,full,75350016.0,0.23763261045624728,0.7495758049615414,0.4600274208703876,0.11647686448375828,0.030781981718087895,0.08569488276567039,9135860.0,8213687.0,73.0,0.9877614757241724,float32,9.194691300042905,1.1913961000973359,0.2048825101638627,0.17381721533470804,0.14444688830752106,0.5640296667030305,0.11867682965775574,0.5323835016898469,0.2240363933761359,0.49289417905927563,0.4148371759907126,4872.62109375
confirmation,lowlight_s3,lowlight,3,3,calibrated_msp,boundary,7003338.0,0.4464645287718514,0.5779326069624484,0.5260775492718373,0.40534244874662323,0.11908735303241587,0.2862550957142074,4647140.0,1659596.0,13.0,0.5734114218105709,float32,9.194691300042905,0.5850964999990538,0.4299547596741554,0.41735147396661343,0.4054878316198988,0.6220917447960544,0.069668683888853,0.5950517895746886,0.13328090389293393,0.5629168844199101,0.25216652562528874,4872.62109375
confirmation,lowlight_s3,lowlight,3,3,calibrated_msp,interior,68346678.0,0.21623405017578176,0.7558816064817693,0.44457508568421367,0.10255927748384422,0.02527352340670533,0.07728575407713889,8888874.0,7840787.0,73.0,0.984665136175309,float32,9.194691300042905,1.1222219000337645,0.18249322884273772,0.15139443590007656,0.1236603408985806,0.5495196380737568,0.12706593936232535,0.5199014787550763,0.2404346094179403,0.4755925232944746,0.4398868141487592,4872.62109375
confirmation,lowlight_s3,lowlight,3,3,entropy,full,75350016.0,0.23763261045624728,0.7365278921496026,0.4303066935486371,0.11977246433195185,0.030781981718087895,0.08899048261386396,26699373.0,17405851.0,25.0,0.8766619770857116,float32,8.234495399985462,7.713019100017846,0.21091537913838107,0.18338960875804722,0.15425624322542575,0.5071439927952243,0.10670758082057026,0.47808767668542085,0.20118774992500957,0.4546046333403192,0.38261133991706536,4872.62109375
confirmation,lowlight_s3,lowlight,3,3,entropy,boundary,7003338.0,0.4464645287718514,0.5560944770029336,0.5060615874053864,0.4157789828204133,0.11908735303241587,0.29669162978799746,5203582.0,1349001.0,10.0,0.4496080297709464,float32,8.234495399985462,0.6919443999649957,0.43356065876514455,0.42499746995674026,0.4173244311845554,0.6011046157976051,0.0673183140789998,0.562600130794735,0.1260123156947391,0.5323324299548501,0.23846578963022852,4872.62109375
confirmation,lowlight_s3,lowlight,3,3,entropy,interior,68346678.0,0.21623405017578176,0.7434472680278538,0.4128535687688847,0.10543894862804137,0.02527352340670533,0.08016542522133605,26128467.0,16566614.0,23.0,0.8600977651027897,float32,8.234495399985462,4.04895690002013,0.18910826483410964,0.16063640107749932,0.13138794601263412,0.4859798603238665,0.11237357718403405,0.4603661314151128,0.21290178143191144,0.4386246413139599,0.40569434258173437,4872.62109375
confirmation,lowlight_s3,lowlight,3,3,probability_margin,full,75350016.0,0.23763261045624728,0.7478376771231117,0.45387301851081596,0.11704364315383996,0.030781981718087895,0.08626166143575206,15747402.0,13595605.0,142.0,0.9714426470725633,float32,9.646385900094174,2.1447711000218987,0.20451143452523013,0.17442426563511193,0.14568632575152318,0.5633914894780386,0.11854255152613807,0.5357231491113075,0.22544177607690905,0.4904660277462435,0.4127935579559067,4872.62109375
confirmation,lowlight_s3,lowlight,3,3,probability_margin,boundary,7003338.0,0.4464645287718514,0.5733254265956154,0.5131444470058202,0.40736021029020464,0.11908735303241587,0.2882728572577888,5318781.0,1315996.0,28.0,0.42844612097831064,float32,9.646385900094174,0.7417823999421671,0.4332120948658616,0.4205126893940408,0.4078205965848533,0.5756567580611537,0.06446838274472279,0.5657372053905708,0.126714964010462,0.5502717274900262,0.2465019499530182,4872.62109375
confirmation,lowlight_s3,lowlight,3,3,probability_margin,interior,68346678.0,0.21623405017578176,0.7542685051171044,0.44003723121851773,0.10304793321214753,0.02527352340670533,0.0777744098054422,15326171.0,12710991.0,114.0,0.961736545556757,float32,9.646385900094174,1.7972926000365987,0.18201225773613547,0.1521154810564466,0.12470545734883484,0.5591523977463133,0.1292933313818998,0.524230208193204,0.24243648172310153,0.4727083183362625,0.4372191445192381,4872.62109375
confirmation,lowlight_s3,lowlight,3,3,logit_margin,full,75350016.0,0.23763261045624728,0.7442898091520368,0.44945547710271255,0.11846930019562826,0.030781981718087895,0.08768731847754037,9492044.0,4996539.0,435.0,0.940338367015078,float32,8.56571090000216,1.4621347999200225,0.20498962726598707,0.1754757063032295,0.1472422517096656,0.5584139026662129,0.11749522324352002,0.5314194856648935,0.2236307183830119,0.48626022926072215,0.409253809180927,4872.62109375
confirmation,lowlight_s3,lowlight,3,3,logit_margin,boundary,7003338.0,0.4464645287718514,0.569460136970486,0.5093941430374791,0.40957182787136887,0.11908735303241587,0.290484474838953,3136644.0,1164000.0,62.0,0.7183280315758,float32,8.56571090000216,0.4930855999700725,0.4338066260987154,0.4217502687557417,0.40964034092311485,0.5678804684621909,0.06359750820502619,0.5603861871621255,0.12551643212007899,0.5453215894130515,0.24428446606723547,4872.62109375
confirmation,lowlight_s3,lowlight,3,3,logit_margin,interior,68346678.0,0.21623405017578176,0.7506804777991258,0.4355565572365116,0.1043641145490279,0.02527352340670533,0.07909059114232257,8724606.0,4553717.0,422.0,0.9389745175325127,float32,8.56571090000216,1.3931187998969108,0.1824126788779092,0.1530448910072313,0.1264719207276767,0.5543411110812482,0.12818081307085105,0.5206264213470916,0.240769867723762,0.46899066640837567,0.4337806000035591,4872.62109375
confirmation,lowlight_s3,lowlight,3,3,energy,full,75350016.0,0.23763261045624728,0.6752924162544994,0.34730763405413634,0.14176723965356788,0.030781981718087895,0.11098525793547999,11171864.0,8324819.0,42.0,0.962215734632359,float32,8.151438699918799,1.6578939999453723,0.22234518909025286,0.20320971327419482,0.18110178981328273,0.37277265044742763,0.07843466212835254,0.37521945360244546,0.15789898229909669,0.37532420799553035,0.3158861296008373,4872.62109375
confirmation,lowlight_s3,lowlight,3,3,energy,boundary,7003338.0,0.4464645287718514,0.5375814472355154,0.4703936043956379,0.41902879239948576,0.11908735303241587,0.2999414393670699,4223135.0,1770534.0,13.0,0.6497954261239426,float32,8.151438699918799,0.6418834999203682,0.44349703038471333,0.4383526178852908,0.4315663121486752,0.4703241596152693,0.05267207847657402,0.4731728004066631,0.10598220128171752,0.4789122047480202,0.21453544935910926,4872.62109375
confirmation,lowlight_s3,lowlight,3,3,energy,interior,68346678.0,0.21623405017578176,0.6833707775032817,0.32736048021583136,0.12431690257662883,0.02527352340670533,0.0990433791699235,11010199.0,8143725.0,38.0,0.9580597904114667,float32,8.151438699918799,1.6000156999798492,0.2008824130298715,0.1813906904730173,0.15957089257532478,0.35232516049060464,0.08146847605965243,0.354398779867581,0.1638959220114056,0.3556074998814866,0.3289098178556033,4872.62109375
confirmation,lowlight_s3,lowlight,3,3,local_disagreement,full,75350016.0,0.23763261045624728,0.5215696250894148,0.25585607107387653,0.22971577275926228,0.030781981718087895,0.19893379104117437,9.0,9.0,73360521.0,1.0,float32,1.9049313999712467,0.000242199981585145,0.22961239601883415,0.22961239601883415,0.22961239601883415,0.3900166762519409,0.08206295764865479,0.30981453613538756,0.13037543626156378,0.2697134660771108,0.22700039348738163,4872.62109375
confirmation,lowlight_s3,lowlight,3,3,local_disagreement,boundary,7003338.0,0.4464645287718514,0.5142014867177993,0.4562470702515039,0.43909685543934196,0.11908735303241587,0.3200095024069261,9.0,9.0,6178127.0,1.0,float32,0.17902719997800887,0.00019069993868470192,0.43925966054746873,0.43872341892615674,0.43872341892615674,0.5261009083305859,0.058918572996235784,0.5113083600971909,0.11452388110701367,0.4774289571011755,0.21387100774064163,4872.62109375
confirmation,lowlight_s3,lowlight,3,3,local_disagreement,interior,68346678.0,0.21623405017578176,0.5169756524786207,0.23136844179323943,0.21043153864376937,0.02527352340670533,0.18515801523706404,9.0,9.0,67182394.0,1.0,float32,1.7140682999743149,0.00031919998582452536,0.2103824403756734,0.21038244037567344,0.2103824403756734,0.32741463295317685,0.07570839150171076,0.2688985366644249,0.12435531976323588,0.23964048852004924,0.2216491762862864,4872.62109375
confirmation,blur_s1,blur,1,3,raw_msp,full,75350016.0,0.21094221134604668,0.7580296522622766,0.43995165979894935,0.09741635157853822,0.024002018873847668,0.07341433270469055,6956472.0,5420638.0,368928.0,0.979617336776677,float32,7.440949699957855,1.084610499907285,0.17656172825442862,0.1467915078253218,0.12108217252575737,0.5573457489902899,0.1321086412768761,0.5203665506658127,0.24668679396563553,0.4675449986609161,0.4432920471415928,6239.42578125
confirmation,blur_s1,blur,1,3,raw_msp,boundary,7003338.0,0.42052375595751623,0.580059876729208,0.5018408733897184,0.37941400794341995,0.10434377890142309,0.27507022904199685,3791561.0,1481416.0,2409.0,0.6701365834406393,float32,7.440949699957855,0.6364775000838563,0.4042049784190239,0.39021977196233726,0.3770595534333931,0.5958385570313594,0.07084483560662395,0.56739355793093,0.134925485642107,0.5417398460353677,0.2576501294253334,6239.42578125
confirmation,blur_s1,blur,1,3,raw_msp,interior,68346678.0,0.18946683846140994,0.7624063582626082,0.4232530193732428,0.08517416453745387,0.019203791716457346,0.06597037282099652,6479129.0,4642186.0,366519.0,0.9731231560369328,float32,7.440949699957855,0.9442384999711066,0.15437454158343156,0.1254011373595824,0.10281714161904808,0.5478789898792451,0.14458440599967767,0.505297550663763,0.2666944619720298,0.44572962432118135,0.4705093946613399,6239.42578125
confirmation,blur_s1,blur,1,3,calibrated_msp,full,75350016.0,0.21094221134604668,0.7569570200853725,0.4455332775227948,0.09795278385579273,0.024002018873847668,0.07395076498194506,8889055.0,7950086.0,92.0,0.9875385693348758,float32,8.48477440001443,1.3909455999964848,0.1747546110758594,0.14634146198291678,0.12211052298177504,0.5787693221581096,0.1371867084328987,0.536630628252369,0.25439699968793333,0.4693452023584782,0.4449988689120101,6239.42578125
confirmation,blur_s1,blur,1,3,calibrated_msp,boundary,7003338.0,0.42052375595751623,0.5831856268319424,0.5067699618340235,0.3780252322118185,0.10434377890142309,0.2736814533103954,4602332.0,1668941.0,13.0,0.5811438773910383,float32,8.48477440001443,0.6814620998920873,0.4023193698878551,0.38852897127102415,0.37540911610115746,0.6133102205519081,0.07292220558424757,0.5843633180739476,0.13896087359553425,0.5485029286026382,0.26086663474891936,6239.42578125
confirmation,blur_s1,blur,1,3,calibrated_msp,interior,68346678.0,0.18946683846140994,0.7606752724681564,0.42887536656773917,0.08579072080397011,0.019203791716457346,0.06658692908751276,8594885.0,7467706.0,92.0,0.9835079182634158,float32,8.48477440001443,0.9440137000055984,0.15274774222549806,0.1258446665925226,0.10419564302611184,0.5729363884244267,0.15119701416950507,0.5199387300158544,0.274422030500341,0.4439555318073484,0.4686366737354468,6239.42578125
confirmation,blur_s1,blur,1,3,entropy,full,75350016.0,0.21094221134604668,0.7414051818431506,0.4102194787131486,0.1017655974962066,0.024002018873847668,0.07776357862235894,27529643.0,18026128.0,26.0,0.8738750765494198,float32,5.86981350008864,3.297715099994093,0.1811038012746882,0.15576861272408815,0.1312824532380156,0.5175394335219378,0.12267328044333665,0.47948789529186586,0.22730771507802794,0.4316366029719258,0.4092463268790878,6239.42578125
confirmation,blur_s1,blur,1,3,entropy,boundary,7003338.0,0.42052375595751623,0.5578125999144573,0.47972876973909073,0.38963717675859627,0.10434377890142309,0.28529339785717317,5127087.0,1387288.0,11.0,0.4659976428383151,float32,5.86981350008864,0.5724676999961957,0.40736997670158914,0.39767657247766286,0.3905029376805389,0.5614406840164836,0.06675494979745812,0.5389071500169919,0.12815145310637777,0.5119121733344376,0.24346416214215622,6239.42578125
confirmation,blur_s1,blur,1,3,entropy,interior,68346678.0,0.18946683846140994,0.7453245336720978,0.3910122099624203,0.08919598242697577,0.019203791716457346,0.06999219071051842,26929289.0,17084870.0,20.0,0.8559634602869799,float32,5.86981350008864,3.0149076000088826,0.15924628118563705,0.13496273950253948,0.11182696898393188,0.5039082122691741,0.13298058676306623,0.46145193153493336,0.24355288175254677,0.4074832164488458,0.4301367264919557,6239.42578125
confirmation,blur_s1,blur,1,3,probability_margin,full,75350016.0,0.21094221134604668,0.7567031918733548,0.43365591180068797,0.09777770805446422,0.024002018873847668,0.07377568918061655,15468583.0,13017420.0,118.0,0.9674696419440707,float32,5.995514899957925,1.7373268000083044,0.17692969617421747,0.14691340560925228,0.12134391779074769,0.5475067425330475,0.12977648430441244,0.517054939069691,0.2451168797456277,0.4670574075494605,0.4428297488332284,6239.42578125
confirmation,blur_s1,blur,1,3,probability_margin,boundary,7003338.0,0.42052375595751623,0.5786740448020099,0.49425377388622577,0.3799173537849599,0.10434377890142309,0.2755735748835368,5291160.0,1327055.0,22.0,0.4339692015436068,float32,5.995514899957925,0.5807829000987113,0.4056726910418126,0.39130318378501966,0.3777086316179406,0.5630756182050279,0.06694934246045085,0.5541831944948175,0.1317840775714443,0.537405723554761,0.2555888315048539,6239.42578125
confirmation,blur_s1,blur,1,3,probability_margin,interior,68346678.0,0.18946683846140994,0.7609378174670292,0.41715907256905793,0.08553271958106208,0.019203791716457346,0.06632892786460473,14908981.0,11947324.0,96.0,0.9566671404278054,float32,5.995514899957925,1.6586627999786288,0.15473585042331545,0.12556996414401483,0.10318852363501832,0.54014396407648,0.14254314482386318,0.5020457467721914,0.2649781700799317,0.44505431719580235,0.46979654469706733,6239.42578125
confirmation,blur_s1,blur,1,3,logit_margin,full,75350016.0,0.21094221134604668,0.7558054953302015,0.43003311861909366,0.09811381909263185,0.024002018873847668,0.07411180021878419,9527533.0,5023139.0,514.0,0.9402203975643483,float32,6.037197700003162,1.0327495000092313,0.17777506574318386,0.14772822516367629,0.12171124081160238,0.5398037054270192,0.12795061989685866,0.5094465303393416,0.2415100107905257,0.46379815652829787,0.4397395648692088,6239.42578125
confirmation,blur_s1,blur,1,3,logit_margin,boundary,7003338.0,0.42052375595751623,0.5751904504677617,0.4906672277045915,0.38175634047372453,0.10434377890142309,0.27741256157230143,3169431.0,1162616.0,64.0,0.7134487868499279,float32,6.037197700003162,0.35882030008360744,0.4063266965518828,0.3926306118737193,0.3793930323435537,0.5562088946131417,0.06613289327588139,0.5482972410307084,0.13038440512449626,0.5320962671280518,0.25306366717453715,6239.42578125
confirmation,blur_s1,blur,1,3,logit_margin,interior,68346678.0,0.18946683846140994,0.7603520045181491,0.4136281562546498,0.08578814436479877,0.019203791716457346,0.06658435264834142,8694319.0,4549888.0,506.0,0.9393616321776459,float32,6.037197700003162,0.9697612000163645,0.15560722044277753,0.12629132326345852,0.10323470364063046,0.5321157460082129,0.14042451066909822,0.49420340859603157,0.2608390085942957,0.4421688807707997,0.4667506961117745,6239.42578125
confirmation,blur_s1,blur,1,3,energy,full,75350016.0,0.21094221134604668,0.6842546132552085,0.3322447124552883,0.12101949759531984,0.024002018873847668,0.09701747872147218,11360055.0,8432312.0,45.0,0.9611447594118626,float32,5.980605999939144,1.2528681000694633,0.19217775001598097,0.17169857611012793,0.15158097625922817,0.38610245889782124,0.09151854361688282,0.3798223942077255,0.18005993771807466,0.36791676144655744,0.3488318233035635,6239.42578125
confirmation,blur_s1,blur,1,3,energy,boundary,7003338.0,0.42052375595751623,0.5487513344732791,0.45231334110072874,0.3837317580081396,0.10434377890142309,0.2793879791067165,4219835.0,1784255.0,12.0,0.6522258385929681,float32,5.980605999939144,0.47904320002999157,0.4156731590725376,0.4093361898280302,0.4012874879878719,0.4551599665302556,0.05411823827617001,0.4641785205344878,0.11038107752956636,0.4652739502389813,0.22128313871430338,6239.42578125
confirmation,blur_s1,blur,1,3,energy,interior,68346678.0,0.18946683846140994,0.6884840203092416,0.3086628259652906,0.1059567104596854,0.019203791716457346,0.08675291874322805,11174817.0,8215274.0,41.0,0.956698070972813,float32,5.980605999939144,1.2267236000625417,0.170989428796272,0.15101260955566184,0.13220504032807065,0.3612114980079015,0.09532314771047697,0.355763586468282,0.1877709048020573,0.3432837556996185,0.36236817855057546,6239.42578125
confirmation,blur_s1,blur,1,3,local_disagreement,full,75350016.0,0.21094221134604668,0.5247937905179928,0.2322665626883752,0.2025802108408736,0.024002018873847668,0.17857819196702593,9.0,9.0,73315480.0,1.0,float32,1.5146214000415057,0.00022869999520480633,0.20246990130870043,0.2024699013087004,0.20246990130870043,0.3719160930604751,0.08815592441897244,0.2871929971845877,0.13614772055236612,0.24483144924664402,0.2321313128191535,6239.42578125
confirmation,blur_s1,blur,1,3,local_disagreement,boundary,7003338.0,0.42052375595751623,0.5192188972335494,0.4341268064546289,0.41060556043014845,0.10434377890142309,0.30626178152872535,9.0,9.0,6013134.0,1.0,float32,0.14078149991109967,0.00018009997438639402,0.41141378085300867,0.4100058305702151,0.41000583057021517,0.5129923081801004,0.06099446790008428,0.5025136068998372,0.11949711360836604,0.46259544248827905,0.22000924706006067,6239.42578125
confirmation,blur_s1,blur,1,3,local_disagreement,interior,68346678.0,0.18946683846140994,0.5177679392167708,0.20587389679110726,0.18396880966743606,0.019203791716457346,0.16476501795097873,9.0,9.0,67302346.0,1.0,float32,1.3770200000144541,0.00028000003658235073,0.18392758552577054,0.18392758552577054,0.18392758552577054,0.29471264099670247,0.07777420365854165,0.2393201132612364,0.12631240496109505,0.21162384939350348,0.22338880756620197,6239.42578125
confirmation,blur_s2,blur,2,3,raw_msp,full,75350016.0,0.23430470140842438,0.7292802867429733,0.4403123562124436,0.12238176405990692,0.02988628413329458,0.09249547992661233,6755180.0,5088733.0,351566.0,0.9778839197592207,float32,5.458010699949227,0.7545699999900535,0.20134759241740197,0.1733246391303864,0.15092146849197166,0.5618903175694802,0.11990590543428935,0.5309186381105141,0.22659326215105718,0.4782249560119559,0.4082077555628724,6295.57421875
confirmation,blur_s2,blur,2,3,raw_msp,boundary,7003338.0,0.4396771939323791,0.5526440096466464,0.5005524245531896,0.41811110677909347,0.11511456675116079,0.3029965400279327,3572681.0,1354977.0,5603.0,0.683336146277675,float32,5.458010699949227,0.4036462999647483,0.42597443600314455,0.41480500996756725,0.4055492309076263,0.5875053902852068,0.06681101114312511,0.5630027958088569,0.1280491606932692,0.5391663120739533,0.24525559819278203,6295.57421875
confirmation,blur_s2,blur,2,3,raw_msp,interior,68346678.0,0.21326062109412253,0.7333262344592274,0.42493499771904636,0.1087894121244096,0.024554695900435956,0.08423471622397363,6250207.0,4294800.0,345963.0,0.9713898750133839,float32,5.458010699949227,0.6600335000548512,0.17918942692346704,0.15216865969511356,0.13307582204272286,0.5575079872204473,0.13071048951144906,0.5199013324421903,0.24378684868707445,0.45762850148683154,0.4291730114358497,6295.57421875
confirmation,blur_s2,blur,2,3,calibrated_msp,full,75350016.0,0.23430470140842438,0.7251350059532397,0.44088313586573147,0.12430571334691314,0.02988628413329458,0.09441942921361855,8799924.0,7776088.0,92.0,0.9864122656589748,float32,6.002762799966149,0.9952062999363989,0.20084002045859609,0.17351602429150106,0.15168950572994466,0.5720852401328399,0.12208147490500008,0.5354868850731559,0.22854296575396818,0.4774593954985015,0.40755428121985426,6295.57421875
confirmation,blur_s2,blur,2,3,calibrated_msp,boundary,7003338.0,0.4396771939323791,0.5563073558239688,0.507719753001328,0.4171044667079665,0.11511456675116079,0.30198989995680575,4647386.0,1676291.0,12.0,0.5757601589413506,float32,6.002762799966149,0.5343035999685526,0.42368198449258193,0.41217537135412735,0.40285296584057767,0.6168028397878726,0.07014271202205243,0.5836343801671774,0.13274160108703276,0.5496845790722713,0.2500401401918935,6295.57421875
confirmation,blur_s2,blur,2,3,calibrated_msp,interior,68346678.0,0.21326062109412253,0.7281486883706004,0.4239241959123646,0.11079319866975217,0.024554695900435956,0.08623850276931622,8504740.0,7254236.0,90.0,0.9817035145438964,float32,6.002762799966149,0.942724300082773,0.17881461123638656,0.15266600463742358,0.13415931487944602,0.5640224221571553,0.132237830821325,0.5232747711129984,0.24536868726196756,0.45563908517575397,0.427307297682334,6295.57421875
confirmation,blur_s2,blur,2,3,entropy,full,75350016.0,0.23430470140842438,0.7110442667132774,0.41337537598325813,0.12848104399149624,0.02988628413329458,0.09859475985820165,28037890.0,18435595.0,20.0,0.8725641279226802,float32,5.865942400065251,3.253696999978274,0.2060969388563875,0.18298222662957953,0.15904781669212625,0.52895540040998,0.11287768135045852,0.4881746016789378,0.20835033384286242,0.43959464111622,0.37523332806377485,6295.57421875
confirmation,blur_s2,blur,2,3,entropy,boundary,7003338.0,0.4396771939323791,0.5378342631364518,0.4894842812329966,0.42541128342929807,0.11511456675116079,0.3102967166781373,5327975.0,1282563.0,9.0,0.42235945202130754,float32,5.865942400065251,0.5878898999653757,0.4268776559752055,0.4196512699032301,0.41511140502988675,0.5897643124566279,0.06706789538089016,0.5548738173500073,0.12620030865079593,0.5197805618462048,0.23643742157074157,6295.57421875
confirmation,blur_s2,blur,2,3,entropy,interior,68346678.0,0.21326062109412253,0.7138877444091964,0.3939833875795346,0.11468710948793555,0.024554695900435956,0.0901324135874996,27360970.0,17348217.0,18.0,0.8535005168795475,float32,5.865942400065251,3.0706811000127345,0.18495919439213263,0.1618903699419755,0.13931514768631423,0.5161315809341434,0.12100958756227422,0.46797357238127735,0.21943741121754048,0.41874162724509806,0.39270413576611135,6295.57421875
confirmation,blur_s2,blur,2,3,probability_margin,full,75350016.0,0.23430470140842438,0.7272804917357198,0.4350142193141384,0.12317697388616658,0.02988628413329458,0.093290689752872,15254273.0,12609038.0,85.0,0.9648940353244252,float32,5.994401799980551,1.727169799967669,0.20151978142303736,0.17340717892678623,0.1510765416073846,0.5560268123163261,0.11865464894451862,0.5293689371283511,0.22593185798156576,0.4778947857832907,0.4079259257539033,6295.57421875
confirmation,blur_s2,blur,2,3,probability_margin,boundary,7003338.0,0.4396771939323791,0.5515315420350991,0.49459198343116134,0.4187341099139926,0.11511456675116079,0.30361954316283185,5408406.0,1274151.0,16.0,0.4096736441965246,float32,5.994401799980551,0.6033976000035182,0.4270141781578787,0.41556656000070574,0.4058435803168978,0.5621888984398873,0.063932024078919,0.5536444039558268,0.1259206912946446,0.5361198065086497,0.24386980585360174,6295.57421875
confirmation,blur_s2,blur,2,3,probability_margin,interior,68346678.0,0.21326062109412253,0.7310389420535714,0.4197198283818377,0.10958445848282931,0.024554695900435956,0.08502976258239336,14635378.0,11480178.0,69.0,0.9538353568552373,float32,5.994401799980551,1.5963263000594452,0.17928031974113154,0.15223556126346519,0.13343637244363948,0.5531243068427025,0.12968271408729146,0.5190833702529516,0.24340329817081977,0.45736084035098706,0.42892199355706484,6295.57421875
confirmation,blur_s2,blur,2,3,logit_margin,full,75350016.0,0.23430470140842438,0.7283638439749859,0.43335038600470166,0.12275492984095399,0.02988628413329458,0.0928686457076594,9403945.0,4968163.0,537.0,0.9411309746768999,float32,6.078745600068942,1.0739925999660045,0.2020686209215397,0.173979176920742,0.15146624670404854,0.5506545762474028,0.11750822799738894,0.5244294326039212,0.2238237036180576,0.47560679186375493,0.40597291838594013,6295.57421875
confirmation,blur_s2,blur,2,3,logit_margin,boundary,7003338.0,0.4396771939323791,0.5485765807368611,0.4913274410790379,0.4197956705394386,0.11511456675116079,0.30468110378827784,3190466.0,1199086.0,60.0,0.7156527358810898,float32,6.078745600068942,0.3487558999331668,0.4276479234904621,0.41682529636310967,0.4077839686459744,0.5558547778631339,0.06321170898490781,0.5479408753537598,0.12462348272672713,0.5310848109616269,0.24157949057030248,6295.57421875
confirmation,blur_s2,blur,2,3,logit_margin,interior,68346678.0,0.21326062109412253,0.7326828270457371,0.41849653404723247,0.10910102514117777,0.024554695900435956,0.08454632924074182,8601091.0,4502112.0,529.0,0.9400266535265986,float32,6.078745600068942,0.9485977999866009,0.17976564698145628,0.1526875176199998,0.1334403826111909,0.5478946453580481,0.12845659423195732,0.5147154850163103,0.24135515381953368,0.45555303823496224,0.42722660116849265,6295.57421875
confirmation,blur_s2,blur,2,3,energy,full,75350016.0,0.23430470140842438,0.6611411910575137,0.3539490177795421,0.14833246122385738,0.02988628413329458,0.1184461770905628,11464103.0,8448637.0,45.0,0.9599805526252311,float32,6.084778500022367,1.2616833000211045,0.21407132329027723,0.19515267855035134,0.17681700695880312,0.43753538486121174,0.09336889218568278,0.4164051980344531,0.17771953257298004,0.3909128026774246,0.33367902656622145,6295.57421875
confirmation,blur_s2,blur,2,3,energy,boundary,7003338.0,0.4396771939323791,0.5396236190665996,0.47217086736028013,0.41232208046342206,0.11511456675116079,0.2972075137122613,4284068.0,1774601.0,12.0,0.6416755838430188,float32,6.084778500022367,0.4805449000559747,0.433243587780749,0.4274724799415612,0.42143301585889886,0.5034083737188256,0.05724751299684854,0.497579726244906,0.1131693604329425,0.4884959652584813,0.22220670596681566,6295.57421875
confirmation,blur_s2,blur,2,3,energy,interior,68346678.0,0.21326062109412253,0.6633129618796688,0.3318566310365959,0.1326841971956691,0.024554695900435956,0.10812950129523313,11274344.0,8218764.0,42.0,0.9552929258683209,float32,6.084778500022367,1.2277442999184132,0.1930686331957004,0.1748267833716792,0.15811554015322096,0.41963830576701017,0.09838626463098914,0.39498851053677136,0.1852139978157643,0.3669959535708245,0.3441760250225462,6295.57421875
confirmation,blur_s2,blur,2,3,local_disagreement,full,75350016.0,0.23430470140842438,0.5195204213811981,0.25067022337415223,0.2272173072158762,0.02988628413329458,0.19733102308258163,9.0,9.0,73511233.0,1.0,float32,1.5140777999768034,0.000188400037586689,0.22713272949727287,0.2271327294972729,0.22713272949727287,0.37057216010573624,0.07907911739504982,0.2988524448015045,0.12754864024060827,0.2629925871493888,0.22448768593172527,6295.57421875
confirmation,blur_s2,blur,2,3,local_disagreement,boundary,7003338.0,0.4396771939323791,0.5126484870307153,0.4488108373865561,0.4331540514968114,0.11511456675116079,0.31803948474565064,9.0,9.0,6145203.0,1.0,float32,0.1399183999747038,0.00013679999392479658,0.4331689203813753,0.43284314610924973,0.4328431461092498,0.5139352950141953,0.05844463266178697,0.4982516554200878,0.11332218377159704,0.4670133754666271,0.21243472041774691,6295.57421875
confirmation,blur_s2,blur,2,3,local_disagreement,interior,68346678.0,0.21326062109412253,0.514377968643059,0.22613310608090254,0.20840192704664146,0.024554695900435956,0.1838472311462055,9.0,9.0,67366030.0,1.0,float32,1.3636769999284297,0.0002250999677926302,0.208367600109432,0.208367600109432,0.20836760010943203,0.30622801693959406,0.07179666464664886,0.2572978085245131,0.12064947327530852,0.23283270431697264,0.21835509053262783,6295.57421875
confirmation,blur_s3,blur,3,3,raw_msp,full,75350016.0,0.25645741070579203,0.7270435425920356,0.45848259701939376,0.13593992307316563,0.03612400585096237,0.09981591722220326,6844477.0,5214685.0,345149.0,0.9783703828277887,float32,6.305947199929506,0.7925998000428081,0.22444780112486887,0.19693138586416695,0.17232300786370205,0.5738249306370456,0.11187529335176286,0.5445439165112365,0.21233309028584557,0.4945615143831415,0.38568707316833356,6295.57421875
confirmation,blur_s3,blur,3,3,raw_msp,boundary,7003338.0,0.46188274791249545,0.54481277742883,0.5159448693444644,0.4428960146710512,0.1284228938664013,0.31447312080464995,3489668.0,1295184.0,5494.0,0.6866517080854873,float32,6.305947199929506,0.40582070010714233,0.4494308667056428,0.43977899112762464,0.43177509012538307,0.5996795814568477,0.06491688154867144,0.5739490014764383,0.1242629580727364,0.5502974295122042,0.2382845382955748,6295.57421875
confirmation,blur_s3,blur,3,3,raw_msp,interior,68346678.0,0.23540791550980722,0.7339143217516586,0.4452215672143283,0.12068513213254423,0.030181605410681316,0.0905035267218629,6396719.0,4497377.0,339655.0,0.9722101782328031,float32,6.305947199929506,0.7147255999734625,0.20195660649104774,0.1750611446134096,0.151387078121735,0.5692294051444782,0.12090277860216718,0.5364697304975165,0.22788942548265936,0.47679499574814754,0.40507984505774597,6295.57421875
confirmation,blur_s3,blur,3,3,calibrated_msp,full,75350016.0,0.25645741070579203,0.7251990536209239,0.46226132054165586,0.13705535350770523,0.03612400585096237,0.10093134765674286,8953289.0,7875177.0,92.0,0.9856919472983258,float32,6.641907699988224,1.0564958999166265,0.2232302462810043,0.19568615554213634,0.17267523483231617,0.5925166841362483,0.11551951529879571,0.5555018764427667,0.21660590910713945,0.49954241883412903,0.3895714644999734,6295.57421875
confirmation,blur_s3,blur,3,3,calibrated_msp,boundary,7003338.0,0.46188274791249545,0.550121385070838,0.5250606456618101,0.44129343706672175,0.1284228938664013,0.3128705432003205,4667975.0,1671830.0,11.0,0.5721832931667727,float32,6.641907699988224,0.5493137000594288,0.44635677744187097,0.4358960217367752,0.42733761469274756,0.6286800298143457,0.06805625585637834,0.6016158004609229,0.13025296462971614,0.5658296612759055,0.24501015698108122,6295.57421875
confirmation,blur_s3,blur,3,3,calibrated_msp,interior,68346678.0,0.23540791550980722,0.7312907920803011,0.4478132209097393,0.12186262024233346,0.030181605410681316,0.09168101483165214,8672750.0,7392965.0,91.0,0.9812750957698338,float32,6.641907699988224,1.0021173999411985,0.20108910437020178,0.1740724280831067,0.15252211545445568,0.5854988128172429,0.12435835657489933,0.5442772348269147,0.23120601088334894,0.48074986440975837,0.4084398584785145,6295.57421875
confirmation,blur_s3,blur,3,3,entropy,full,75350016.0,0.25645741070579203,0.7138584570329685,0.43938383579047663,0.140753478894991,0.03612400585096237,0.10462947304402864,28162482.0,18468537.0,21.0,0.871347804358794,float32,6.5658364000264555,3.5917122999671847,0.2273871838812435,0.2032031371658795,0.17838467834645672,0.5506379427636515,0.10735466182848644,0.5180895013128635,0.2020177648172165,0.469474493835569,0.36612279400768055,6295.57421875
confirmation,blur_s3,blur,3,3,entropy,boundary,7003338.0,0.46188274791249545,0.5379022237038921,0.5106599978870727,0.4466540450690937,0.1284228938664013,0.3182311512026924,5451171.0,1217220.0,9.0,0.39543814678086364,float32,6.5658364000264555,0.6125841999892145,0.44988898152547874,0.44059895717596126,0.43584886147157975,0.5940422712591421,0.06430662799048202,0.5698266826971131,0.12337045451524258,0.547018279849329,0.23686463222021312,6295.57421875
confirmation,blur_s3,blur,3,3,entropy,interior,68346678.0,0.23540791550980722,0.71960063122755,0.4228482131106596,0.12538168809484154,0.030181605410681316,0.09520008268416022,27462441.0,17363064.0,18.0,0.8522330960986868,float32,6.5658364000264555,3.1438504999969155,0.20578065639895923,0.1814027475695006,0.15759096524877284,0.5403601169800786,0.11477102025694141,0.5020533550422639,0.21326953626277856,0.4514286209659343,0.3835288488055048,6295.57421875
confirmation,blur_s3,blur,3,3,probability_margin,full,75350016.0,0.25645741070579203,0.7254367580877442,0.45298478267817893,0.13654771139578348,0.03612400585096237,0.1004237055448211,15335954.0,12751781.0,79.0,0.9657044133872513,float32,6.67000350006856,1.799148799967952,0.2247160430965522,0.19678668616080092,0.17258522948103605,0.5645694586411523,0.11007080806476069,0.5421297831108738,0.21139175132360832,0.49514027998930854,0.38613842736028176,6295.57421875
confirmation,blur_s3,blur,3,3,probability_margin,boundary,7003338.0,0.46188274791249545,0.5436806794207234,0.509151839664757,0.44352948817076976,0.1284228938664013,0.3151065943043685,5439180.0,1261541.0,19.0,0.40347888392649334,float32,6.67000350006856,0.6076561999507248,0.45072485266948065,0.4406023484156039,0.4319265485012556,0.5705791807908798,0.061766687142415067,0.5623031296495672,0.12174156596503995,0.5470040009481191,0.23685844930675629,6295.57421875
confirmation,blur_s3,blur,3,3,probability_margin,interior,68346678.0,0.23540791550980722,0.7321279387010576,0.43992329369085764,0.12127315753650995,0.030181605410681316,0.09109155212582865,14781400.0,11708155.0,60.0,0.955034464147621,float32,6.67000350006856,1.681634800042957,0.2021608592832382,0.17494887538091722,0.15191105012418307,0.5617008964966758,0.11930374382633946,0.5346313822412442,0.2271085051359132,0.4772440787662741,0.40546138110787866,6295.57421875
confirmation,blur_s3,blur,3,3,logit_margin,full,75350016.0,0.25645741070579203,0.7246987571493256,0.4497892023436182,0.13700625048149123,0.03612400585096237,0.10088224463052886,9361219.0,4892973.0,508.0,0.9407001320344776,float32,5.957987300003879,1.06383979995735,0.22546158841076713,0.1981022247657864,0.1730725741421767,0.5579194352710275,0.10877429187034778,0.5354198313417833,0.2087753511553208,0.4898781607559802,0.38203472881775236,6295.57421875
confirmation,blur_s3,blur,3,3,logit_margin,boundary,7003338.0,0.46188274791249545,0.540297515034615,0.5052943919389118,0.4448112669224371,0.1284228938664013,0.31638837305603584,3151193.0,1207051.0,56.0,0.7223978051609105,float32,5.957987300003879,0.34785059990826994,0.451455333166041,0.4422845817646619,0.43474181293534087,0.5634632212814211,0.06099636593278104,0.5557296523806788,0.12031837378567435,0.5402757826979698,0.2339450604858966,6295.57421875
confirmation,blur_s3,blur,3,3,logit_margin,interior,68346678.0,0.23540791550980722,0.7316755559950263,0.4369348058600985,0.12168907840211853,0.030181605410681316,0.09150747299143722,8597070.0,4449930.0,500.0,0.9393219960156659,float32,5.957987300003879,0.9486357000423595,0.2029219436117315,0.17609777600202703,0.1520929379471361,0.5549147806620085,0.11786239126634794,0.5277816587130646,0.22419877981347186,0.4726484739273364,0.4015570051964191,6295.57421875
confirmation,blur_s3,blur,3,3,energy,full,75350016.0,0.25645741070579203,0.6767239764926122,0.3894864724509597,0.15661698565517473,0.03612400585096237,0.12049297980421236,11704703.0,8599077.0,44.0,0.9587840034433437,float32,5.87726469989866,1.2827952000079677,0.23467875235463875,0.21313029932965866,0.19178843649927285,0.4684497761248106,0.09133091527819967,0.4524653521436801,0.17642905109189388,0.4297658447867698,0.3351557410007312,6295.57421875
confirmation,blur_s3,blur,3,3,energy,boundary,7003338.0,0.46188274791249545,0.545546833975316,0.49968982285199914,0.4306334291161436,0.1284228938664013,0.3022105352497423,4314502.0,1762331.0,12.0,0.6355779201289442,float32,5.87726469989866,0.47563360002823174,0.45408737578345565,0.447475766469243,0.4407973176874621,0.5354587953747784,0.05796481365780851,0.5320418543152268,0.11518984172050696,0.5195106906133359,0.22495355859129737,6295.57421875
confirmation,blur_s3,blur,3,3,energy,interior,68346678.0,0.23540791550980722,0.6819266497787928,0.37035734309784546,0.13977395391998282,0.030181605410681316,0.1095923485093015,11527589.0,8377999.0,41.0,0.9539174383866909,float32,5.87726469989866,1.2547439999179915,0.2130980403160612,0.1918818811033197,0.17162567633489254,0.4550459510249803,0.0966505232747453,0.4361968277025307,0.18529404141833208,0.4095120431808622,0.3479169800024671,6295.57421875
confirmation,blur_s3,blur,3,3,local_disagreement,full,75350016.0,0.25645741070579203,0.5165251385280192,0.2701969939267942,0.25008570394098484,0.03612400585096237,0.21396169809002247,9.0,9.0,73653032.0,1.0,float32,1.5076102999737486,0.00022389995865523815,0.2500152200115808,0.2500152200115808,0.2500152200115808,0.3788590270560562,0.07386393049149163,0.31443712353381825,0.12260793687362793,0.28222617177269965,0.22009594963790086,6295.57421875
confirmation,blur_s3,blur,3,3,local_disagreement,boundary,7003338.0,0.46188274791249545,0.5091744075623795,0.46849905432525535,0.4571445335592865,0.1284228938664013,0.32872163969288526,9.0,9.0,6265979.0,1.0,float32,0.13692419999279082,0.0001414999132975936,0.45700865216713304,0.45695684584962704,0.456956845849627,0.5248903782690193,0.056820754892718,0.5057496082201234,0.10949743304700216,0.48158634913032217,0.2085319223709464,6295.57421875
confirmation,blur_s3,blur,3,3,local_disagreement,interior,68346678.0,0.23540791550980722,0.5126993231724118,0.24662072682891592,0.23080472443519415,0.030181605410681316,0.20062311902451282,9.0,9.0,67387053.0,1.0,float32,1.3604411999695003,0.00021039997227489948,0.23077277173702787,0.2307727717370279,0.2307727717370279,0.3234756444798895,0.06870534774607964,0.2771242081084587,0.11772085726925455,0.2539484899227433,0.21575187631560436,6295.57421875
