method,condition,split,class_id,class_name,iou,dice,accuracy,classwise_ece
raw,clean,calibration,0,background_waterbody,0.7287371708421208,0.843086136092198,0.8721080337586415,0.0775024493195963
raw,clean,calibration,1,human_divers,0.6499053484614146,0.7878092510791246,0.799371568256741,0.0022062503321779
raw,clean,calibration,2,aquatic_plants,0.0994865804910969,0.180969158253228,0.1269879029479275,0.0144435504761727
raw,clean,calibration,3,wrecks_ruins,0.3377256149366931,0.5049250925088636,0.5184801757151019,0.0050046995626164
raw,clean,calibration,4,robots_instruments,0.3499271393799641,0.5184385574182757,0.5266363811635417,0.003377249662224
raw,clean,calibration,5,reefs_invertebrates,0.5146481436661146,0.6795613170203869,0.6632469043167272,0.0771078802859688
raw,clean,calibration,6,fish_vertebrates,0.5935881618174759,0.7449705965944085,0.7302524552275113,0.0125138071422273
raw,clean,calibration,7,seafloor_rocks,0.245167223469458,0.3937900369499593,0.3451247522786313,0.0315082017102876
clean_global,clean,calibration,0,background_waterbody,0.7287371708421208,0.843086136092198,0.8721080337586415,0.0372976869309527
clean_global,clean,calibration,1,human_divers,0.6499053484614146,0.7878092510791246,0.799371568256741,0.0042651702742699
clean_global,clean,calibration,2,aquatic_plants,0.0994865804910969,0.180969158253228,0.1269879029479275,0.008793095179257
clean_global,clean,calibration,3,wrecks_ruins,0.3377256149366931,0.5049250925088636,0.5184801757151019,0.0078579294821142
clean_global,clean,calibration,4,robots_instruments,0.3499271393799641,0.5184385574182757,0.5266363811635417,0.0034671377262918
clean_global,clean,calibration,5,reefs_invertebrates,0.5146481436661146,0.6795613170203869,0.6632469043167272,0.0240532030947119
clean_global,clean,calibration,6,fish_vertebrates,0.5935881618174759,0.7449705965944085,0.7302524552275113,0.0147542416570717
clean_global,clean,calibration,7,seafloor_rocks,0.245167223469458,0.3937900369499593,0.3451247522786313,0.020088152538346
pooled,clean,calibration,0,background_waterbody,0.7287371708421208,0.843086136092198,0.8721080337586415,0.0421099556839512
pooled,clean,calibration,1,human_divers,0.6499053484614146,0.7878092510791246,0.799371568256741,0.0053978134807193
pooled,clean,calibration,2,aquatic_plants,0.0994865804910969,0.180969158253228,0.1269879029479275,0.0110938139231777
pooled,clean,calibration,3,wrecks_ruins,0.3377256149366931,0.5049250925088636,0.5184801757151019,0.0091552884256122
pooled,clean,calibration,4,robots_instruments,0.3499271393799641,0.5184385574182757,0.5266363811635417,0.0042088309295372
pooled,clean,calibration,5,reefs_invertebrates,0.5146481436661146,0.6795613170203869,0.6632469043167272,0.0230800549479045
pooled,clean,calibration,6,fish_vertebrates,0.5935881618174759,0.7449705965944085,0.7302524552275113,0.0181107884777956
pooled,clean,calibration,7,seafloor_rocks,0.245167223469458,0.3937900369499593,0.3451247522786313,0.0195187514417864
per_degradation,clean,calibration,0,background_waterbody,0.7287371708421208,0.843086136092198,0.8721080337586415,0.0372976869309527
per_degradation,clean,calibration,1,human_divers,0.6499053484614146,0.7878092510791246,0.799371568256741,0.0042651702742699
per_degradation,clean,calibration,2,aquatic_plants,0.0994865804910969,0.180969158253228,0.1269879029479275,0.008793095179257
per_degradation,clean,calibration,3,wrecks_ruins,0.3377256149366931,0.5049250925088636,0.5184801757151019,0.0078579294821142
per_degradation,clean,calibration,4,robots_instruments,0.3499271393799641,0.5184385574182757,0.5266363811635417,0.0034671377262918
per_degradation,clean,calibration,5,reefs_invertebrates,0.5146481436661146,0.6795613170203869,0.6632469043167272,0.0240532030947119
per_degradation,clean,calibration,6,fish_vertebrates,0.5935881618174759,0.7449705965944085,0.7302524552275113,0.0147542416570717
per_degradation,clean,calibration,7,seafloor_rocks,0.245167223469458,0.3937900369499593,0.3451247522786313,0.020088152538346
raw,color_s1,calibration,0,background_waterbody,0.7257075213921936,0.841055059905792,0.8718973547908266,0.0792381259177039
raw,color_s1,calibration,1,human_divers,0.6549457870927388,0.7915011986504876,0.787388759592904,0.0019137508953592
raw,color_s1,calibration,2,aquatic_plants,0.0994224163399251,0.1808629965376023,0.1280010708170546,0.0147525912501893
raw,color_s1,calibration,3,wrecks_ruins,0.3123571639167751,0.4760246257726584,0.5083675436073293,0.0054281215714814
raw,color_s1,calibration,4,robots_instruments,0.3436356348856273,0.5115012224499066,0.5139658745842772,0.0032725035577123
raw,color_s1,calibration,5,reefs_invertebrates,0.5127063268004738,0.6778663085053651,0.6666352833470285,0.0779847156438097
raw,color_s1,calibration,6,fish_vertebrates,0.593810588373364,0.7451457440490522,0.7291500520868305,0.0125419867264065
raw,color_s1,calibration,7,seafloor_rocks,0.2101045135872188,0.3472501940586728,0.2822589959837729,0.0321683289233044
clean_global,color_s1,calibration,0,background_waterbody,0.7257075213921936,0.841055059905792,0.8718973547908266,0.0366115956926452
clean_global,color_s1,calibration,1,human_divers,0.6549457870927388,0.7915011986504876,0.787388759592904,0.0043431265465261
clean_global,color_s1,calibration,2,aquatic_plants,0.0994224163399251,0.1808629965376023,0.1280010708170546,0.010036370771699
clean_global,color_s1,calibration,3,wrecks_ruins,0.3123571639167751,0.4760246257726584,0.5083675436073293,0.0093894887804058
clean_global,color_s1,calibration,4,robots_instruments,0.3436356348856273,0.5115012224499066,0.5139658745842772,0.0033241736791629
clean_global,color_s1,calibration,5,reefs_invertebrates,0.5127063268004738,0.6778663085053651,0.6666352833470285,0.0230099605458744
clean_global,color_s1,calibration,6,fish_vertebrates,0.593810588373364,0.7451457440490522,0.7291500520868305,0.0156534137906975
clean_global,color_s1,calibration,7,seafloor_rocks,0.2101045135872188,0.3472501940586728,0.2822589959837729,0.0160626050904965
pooled,color_s1,calibration,0,background_waterbody,0.7257075213921936,0.841055059905792,0.8718973547908266,0.0414635018518241
pooled,color_s1,calibration,1,human_divers,0.6549457870927388,0.7915011986504876,0.787388759592904,0.0055170618226688
pooled,color_s1,calibration,2,aquatic_plants,0.0994224163399251,0.1808629965376023,0.1280010708170546,0.0123568466419704
pooled,color_s1,calibration,3,wrecks_ruins,0.3123571639167751,0.4760246257726584,0.5083675436073293,0.0107483480835604
pooled,color_s1,calibration,4,robots_instruments,0.3436356348856273,0.5115012224499066,0.5139658745842772,0.0040784723021063
pooled,color_s1,calibration,5,reefs_invertebrates,0.5127063268004738,0.6778663085053651,0.6666352833470285,0.0215846926110037
pooled,color_s1,calibration,6,fish_vertebrates,0.593810588373364,0.7451457440490522,0.7291500520868305,0.0191009964570664
pooled,color_s1,calibration,7,seafloor_rocks,0.2101045135872188,0.3472501940586728,0.2822589959837729,0.0151817152080838
per_degradation,color_s1,calibration,0,background_waterbody,0.7257075213921936,0.841055059905792,0.8718973547908266,0.0376739717245562
per_degradation,color_s1,calibration,1,human_divers,0.6549457870927388,0.7915011986504876,0.787388759592904,0.0046834677475186
per_degradation,color_s1,calibration,2,aquatic_plants,0.0994224163399251,0.1808629965376023,0.1280010708170546,0.0107229106485776
per_degradation,color_s1,calibration,3,wrecks_ruins,0.3123571639167751,0.4760246257726584,0.5083675436073293,0.0097817513853365
per_degradation,color_s1,calibration,4,robots_instruments,0.3436356348856273,0.5115012224499066,0.5139658745842772,0.0035373982271487
per_degradation,color_s1,calibration,5,reefs_invertebrates,0.5127063268004738,0.6778663085053651,0.6666352833470285,0.0223379662990085
per_degradation,color_s1,calibration,6,fish_vertebrates,0.593810588373364,0.7451457440490522,0.7291500520868305,0.0166769563124058
per_degradation,color_s1,calibration,7,seafloor_rocks,0.2101045135872188,0.3472501940586728,0.2822589959837729,0.0157785011153568
raw,color_s2,calibration,0,background_waterbody,0.7223664893720028,0.838806948264985,0.8706823278155374,0.0841505708958999
raw,color_s2,calibration,1,human_divers,0.6589803529140652,0.7944402135402506,0.7827852307888948,0.0016557511689969
raw,color_s2,calibration,2,aquatic_plants,0.1004517270539126,0.1825645316089205,0.132159763784119,0.0145085207347143
raw,color_s2,calibration,3,wrecks_ruins,0.2844764439858191,0.4429453655110545,0.4823655261180032,0.0058306945016328
raw,color_s2,calibration,4,robots_instruments,0.3315694998242406,0.4980130588272048,0.4802170193280956,0.0032427636044804
raw,color_s2,calibration,5,reefs_invertebrates,0.5012554622237195,0.6677816998330716,0.6566597205372308,0.0834531382040922
raw,color_s2,calibration,6,fish_vertebrates,0.5852929423128616,0.738403517344812,0.7203298453023098,0.0133798263311447
raw,color_s2,calibration,7,seafloor_rocks,0.1948515869568885,0.3261519490519268,0.2603414806139032,0.0344795003049781
clean_global,color_s2,calibration,0,background_waterbody,0.7223664893720028,0.838806948264985,0.8706823278155374,0.0361843951192801
clean_global,color_s2,calibration,1,human_divers,0.6589803529140652,0.7944402135402506,0.7827852307888948,0.004723169298814
clean_global,color_s2,calibration,2,aquatic_plants,0.1004517270539126,0.1825645316089205,0.132159763784119,0.0107606831766218
clean_global,color_s2,calibration,3,wrecks_ruins,0.2844764439858191,0.4429453655110545,0.4823655261180032,0.010386882787768
clean_global,color_s2,calibration,4,robots_instruments,0.3315694998242406,0.4980130588272048,0.4802170193280956,0.0032048454755427
clean_global,color_s2,calibration,5,reefs_invertebrates,0.5012554622237195,0.6677816998330716,0.6566597205372308,0.0245457171663126
clean_global,color_s2,calibration,6,fish_vertebrates,0.5852929423128616,0.738403517344812,0.7203298453023098,0.0151865053968017
clean_global,color_s2,calibration,7,seafloor_rocks,0.1948515869568885,0.3261519490519268,0.2603414806139032,0.0181331071289952
pooled,color_s2,calibration,0,background_waterbody,0.7223664893720028,0.838806948264985,0.8706823278155374,0.0413002613263331
pooled,color_s2,calibration,1,human_divers,0.6589803529140652,0.7944402135402506,0.7827852307888948,0.0059073851027586
pooled,color_s2,calibration,2,aquatic_plants,0.1004517270539126,0.1825645316089205,0.132159763784119,0.0130897165438074
pooled,color_s2,calibration,3,wrecks_ruins,0.2844764439858191,0.4429453655110545,0.4823655261180032,0.0117997237316043
pooled,color_s2,calibration,4,robots_instruments,0.3315694998242406,0.4980130588272048,0.4802170193280956,0.0040022341589401
pooled,color_s2,calibration,5,reefs_invertebrates,0.5012554622237195,0.6677816998330716,0.6566597205372308,0.0230341103823426
pooled,color_s2,calibration,6,fish_vertebrates,0.5852929423128616,0.738403517344812,0.7203298453023098,0.0187672555174561
pooled,color_s2,calibration,7,seafloor_rocks,0.1948515869568885,0.3261519490519268,0.2603414806139032,0.0171709273803721
per_degradation,color_s2,calibration,0,background_waterbody,0.7223664893720028,0.838806948264985,0.8706823278155374,0.0372026868854208
per_degradation,color_s2,calibration,1,human_divers,0.6589803529140652,0.7944402135402506,0.7827852307888948,0.0050650103576411
per_degradation,color_s2,calibration,2,aquatic_plants,0.1004517270539126,0.1825645316089205,0.132159763784119,0.0114497640656995
per_degradation,color_s2,calibration,3,wrecks_ruins,0.2844764439858191,0.4429453655110545,0.4823655261180032,0.0107990945125351
per_degradation,color_s2,calibration,4,robots_instruments,0.3315694998242406,0.4980130588272048,0.4802170193280956,0.0034361708991452
per_degradation,color_s2,calibration,5,reefs_invertebrates,0.5012554622237195,0.6677816998330716,0.6566597205372308,0.0239258586801395
per_degradation,color_s2,calibration,6,fish_vertebrates,0.5852929423128616,0.738403517344812,0.7203298453023098,0.0162410976666082
per_degradation,color_s2,calibration,7,seafloor_rocks,0.1948515869568885,0.3261519490519268,0.2603414806139032,0.0178289958184811
raw,color_s3,calibration,0,background_waterbody,0.7180418226535069,0.8358839851110201,0.874252187992034,0.0891441698281789
raw,color_s3,calibration,1,human_divers,0.6506313581305122,0.7883424181004419,0.7680831234122778,0.0015281214696889
raw,color_s3,calibration,2,aquatic_plants,0.0991562830419844,0.1804225378534218,0.1370208491261178,0.0153263864490603
raw,color_s3,calibration,3,wrecks_ruins,0.2811060970577601,0.4388490503688331,0.4524146908217491,0.0052940182809399
raw,color_s3,calibration,4,robots_instruments,0.3272882556709275,0.4931683140758108,0.453689087578927,0.0028684714318887
raw,color_s3,calibration,5,reefs_invertebrates,0.4892161591838712,0.6570116180474086,0.6379048652131449,0.0878518532684629
raw,color_s3,calibration,6,fish_vertebrates,0.580576131713597,0.7346386169758994,0.7119580603830277,0.0135560632248641
raw,color_s3,calibration,7,seafloor_rocks,0.1869985821409385,0.3150780210767517,0.2478421898366356,0.0358367062451717
clean_global,color_s3,calibration,0,background_waterbody,0.7180418226535069,0.8358839851110201,0.874252187992034,0.0312630208153366
clean_global,color_s3,calibration,1,human_divers,0.6506313581305122,0.7883424181004419,0.7680831234122778,0.0049167401674386
clean_global,color_s3,calibration,2,aquatic_plants,0.0991562830419844,0.1804225378534218,0.1370208491261178,0.0111921387494897
clean_global,color_s3,calibration,3,wrecks_ruins,0.2811060970577601,0.4388490503688331,0.4524146908217491,0.0096449987716557
clean_global,color_s3,calibration,4,robots_instruments,0.3272882556709275,0.4931683140758108,0.453689087578927,0.0028150952053591
clean_global,color_s3,calibration,5,reefs_invertebrates,0.4892161591838712,0.6570116180474086,0.6379048652131449,0.029970649506819
clean_global,color_s3,calibration,6,fish_vertebrates,0.580576131713597,0.7346386169758994,0.7119580603830277,0.015664909583068
clean_global,color_s3,calibration,7,seafloor_rocks,0.1869985821409385,0.3150780210767517,0.2478421898366356,0.0193667690830783
pooled,color_s3,calibration,0,background_waterbody,0.7180418226535069,0.8358839851110201,0.874252187992034,0.0353104452873668
pooled,color_s3,calibration,1,human_divers,0.6506313581305122,0.7883424181004419,0.7680831234122778,0.0060974914741988
pooled,color_s3,calibration,2,aquatic_plants,0.0991562830419844,0.1804225378534218,0.1370208491261178,0.0134920407645762
pooled,color_s3,calibration,3,wrecks_ruins,0.2811060970577601,0.4388490503688331,0.4524146908217491,0.011050634100559
pooled,color_s3,calibration,4,robots_instruments,0.3272882556709275,0.4931683140758108,0.453689087578927,0.0036455404368953
pooled,color_s3,calibration,5,reefs_invertebrates,0.4892161591838712,0.6570116180474086,0.6379048652131449,0.0278945028499952
pooled,color_s3,calibration,6,fish_vertebrates,0.580576131713597,0.7346386169758994,0.7119580603830277,0.01928009312833
pooled,color_s3,calibration,7,seafloor_rocks,0.1869985821409385,0.3150780210767517,0.2478421898366356,0.0180455703614039
per_degradation,color_s3,calibration,0,background_waterbody,0.7180418226535069,0.8358839851110201,0.874252187992034,0.0320838806970718
per_degradation,color_s3,calibration,1,human_divers,0.6506313581305122,0.7883424181004419,0.7680831234122778,0.0052604649065752
per_degradation,color_s3,calibration,2,aquatic_plants,0.0991562830419844,0.1804225378534218,0.1370208491261178,0.0118720650323923
per_degradation,color_s3,calibration,3,wrecks_ruins,0.2811060970577601,0.4388490503688331,0.4524146908217491,0.010054665456938
per_degradation,color_s3,calibration,4,robots_instruments,0.3272882556709275,0.4931683140758108,0.453689087578927,0.0030551835029792
per_degradation,color_s3,calibration,5,reefs_invertebrates,0.4892161591838712,0.6570116180474086,0.6379048652131449,0.029217388871529
per_degradation,color_s3,calibration,6,fish_vertebrates,0.580576131713597,0.7346386169758994,0.7119580603830277,0.0167239576712074
per_degradation,color_s3,calibration,7,seafloor_rocks,0.1869985821409385,0.3150780210767517,0.2478421898366356,0.0189695794120278
raw,turbidity_s1,calibration,0,background_waterbody,0.7304380862388246,0.8442233120590411,0.8760539742706174,0.077273889654048
raw,turbidity_s1,calibration,1,human_divers,0.6499289139706873,0.7878265644870491,0.7961143745772732,0.0021528562411427
raw,turbidity_s1,calibration,2,aquatic_plants,0.1006023694449193,0.1828132888640925,0.1278870977147067,0.0142091770401527
raw,turbidity_s1,calibration,3,wrecks_ruins,0.3495561565586748,0.5180312873382489,0.5074688197157222,0.0041417875444534
raw,turbidity_s1,calibration,4,robots_instruments,0.3497817618433135,0.5182789866202343,0.520969899262544,0.0032894003623433
raw,turbidity_s1,calibration,5,reefs_invertebrates,0.5158126305264472,0.680575712510462,0.6618326159517659,0.0764014379160075
raw,turbidity_s1,calibration,6,fish_vertebrates,0.5981437867174165,0.748548149032325,0.7325789872341127,0.0121760123212845
raw,turbidity_s1,calibration,7,seafloor_rocks,0.239309615250696,0.3861982708853378,0.3368597745076981,0.0317448705663501
clean_global,turbidity_s1,calibration,0,background_waterbody,0.7304380862388246,0.8442233120590411,0.8760539742706174,0.0335739825161509
clean_global,turbidity_s1,calibration,1,human_divers,0.6499289139706873,0.7878265644870491,0.7961143745772732,0.0042115738503385
clean_global,turbidity_s1,calibration,2,aquatic_plants,0.1006023694449193,0.1828132888640925,0.1278870977147067,0.0081481801202657
clean_global,turbidity_s1,calibration,3,wrecks_ruins,0.3495561565586748,0.5180312873382489,0.5074688197157222,0.0072801651383329
clean_global,turbidity_s1,calibration,4,robots_instruments,0.3497817618433135,0.5182789866202343,0.520969899262544,0.0032964671335241
clean_global,turbidity_s1,calibration,5,reefs_invertebrates,0.5158126305264472,0.680575712510462,0.6618326159517659,0.0263982754258422
clean_global,turbidity_s1,calibration,6,fish_vertebrates,0.5981437867174165,0.748548149032325,0.7325789872341127,0.0147851988498709
clean_global,turbidity_s1,calibration,7,seafloor_rocks,0.239309615250696,0.3861982708853378,0.3368597745076981,0.0194231542396609
pooled,turbidity_s1,calibration,0,background_waterbody,0.7304380862388246,0.8442233120590411,0.8760539742706174,0.0385971431548382
pooled,turbidity_s1,calibration,1,human_divers,0.6499289139706873,0.7878265644870491,0.7961143745772732,0.0053359485437973
pooled,turbidity_s1,calibration,2,aquatic_plants,0.1006023694449193,0.1828132888640925,0.1278870977147067,0.0104127166501919
pooled,turbidity_s1,calibration,3,wrecks_ruins,0.3495561565586748,0.5180312873382489,0.5074688197157222,0.008746429591697
pooled,turbidity_s1,calibration,4,robots_instruments,0.3497817618433135,0.5182789866202343,0.520969899262544,0.004040458267713
pooled,turbidity_s1,calibration,5,reefs_invertebrates,0.5158126305264472,0.680575712510462,0.6618326159517659,0.0255552354474613
pooled,turbidity_s1,calibration,6,fish_vertebrates,0.5981437867174165,0.748548149032325,0.7325789872341127,0.0181258337280372
pooled,turbidity_s1,calibration,7,seafloor_rocks,0.239309615250696,0.3861982708853378,0.3368597745076981,0.0187530094934936
per_degradation,turbidity_s1,calibration,0,background_waterbody,0.7304380862388246,0.8442233120590411,0.8760539742706174,0.0342515120759371
per_degradation,turbidity_s1,calibration,1,human_divers,0.6499289139706873,0.7878265644870491,0.7961143745772732,0.0044714217047609
per_degradation,turbidity_s1,calibration,2,aquatic_plants,0.1006023694449193,0.1828132888640925,0.1278870977147067,0.0086913457671156
per_degradation,turbidity_s1,calibration,3,wrecks_ruins,0.3495561565586748,0.5180312873382489,0.5074688197157222,0.0076161422273349
per_degradation,turbidity_s1,calibration,4,robots_instruments,0.3497817618433135,0.5182789866202343,0.520969899262544,0.0034656666985711
per_degradation,turbidity_s1,calibration,5,reefs_invertebrates,0.5158126305264472,0.680575712510462,0.6618326159517659,0.0261336601921927
per_degradation,turbidity_s1,calibration,6,fish_vertebrates,0.5981437867174165,0.748548149032325,0.7325789872341127,0.0155674206210609
per_degradation,turbidity_s1,calibration,7,seafloor_rocks,0.239309615250696,0.3861982708853378,0.3368597745076981,0.0192520545529043
raw,turbidity_s2,calibration,0,background_waterbody,0.7323081480330164,0.8454709964442876,0.8833152464850278,0.0783304029617319
raw,turbidity_s2,calibration,1,human_divers,0.6610674430321053,0.7959549695651077,0.7896553744228281,0.0017515148052188
raw,turbidity_s2,calibration,2,aquatic_plants,0.0979480118487278,0.1784201269854348,0.1205311941730588,0.0136562745561945
raw,turbidity_s2,calibration,3,wrecks_ruins,0.358934108950493,0.5282582968319169,0.4573722532916757,0.0030513462942759
raw,turbidity_s2,calibration,4,robots_instruments,0.3540830721490169,0.5229857450135085,0.5149208319275076,0.0032134987940312
raw,turbidity_s2,calibration,5,reefs_invertebrates,0.5148207981696494,0.6797118164626534,0.6607203516834849,0.0767476863037688
raw,turbidity_s2,calibration,6,fish_vertebrates,0.6003215186439618,0.7502511359750338,0.7238483077571878,0.0116756621816235
raw,turbidity_s2,calibration,7,seafloor_rocks,0.2282978692743668,0.3717304653621793,0.3170116697534741,0.0334182141728889
clean_global,turbidity_s2,calibration,0,background_waterbody,0.7323081480330164,0.8454709964442876,0.8833152464850278,0.0273629334243233
clean_global,turbidity_s2,calibration,1,human_divers,0.6610674430321053,0.7959549695651077,0.7896553744228281,0.0043352998840618
clean_global,turbidity_s2,calibration,2,aquatic_plants,0.0979480118487278,0.1784201269854348,0.1205311941730588,0.0064672958669225
clean_global,turbidity_s2,calibration,3,wrecks_ruins,0.358934108950493,0.5282582968319169,0.4573722532916757,0.0063259406142611
clean_global,turbidity_s2,calibration,4,robots_instruments,0.3540830721490169,0.5229857450135085,0.5149208319275076,0.0030527324832031
clean_global,turbidity_s2,calibration,5,reefs_invertebrates,0.5148207981696494,0.6797118164626534,0.6607203516834849,0.026800541449861
clean_global,turbidity_s2,calibration,6,fish_vertebrates,0.6003215186439618,0.7502511359750338,0.7238483077571878,0.0149096719853959
clean_global,turbidity_s2,calibration,7,seafloor_rocks,0.2282978692743668,0.3717304653621793,0.3170116697534741,0.0180559983908559
pooled,turbidity_s2,calibration,0,background_waterbody,0.7323081480330164,0.8454709964442876,0.8833152464850278,0.0326548232202399
pooled,turbidity_s2,calibration,1,human_divers,0.6610674430321053,0.7959549695651077,0.7896553744228281,0.0054732305583992
pooled,turbidity_s2,calibration,2,aquatic_plants,0.0979480118487278,0.1784201269854348,0.1205311941730588,0.0075180499666547
pooled,turbidity_s2,calibration,3,wrecks_ruins,0.358934108950493,0.5282582968319169,0.4573722532916757,0.0079402929930921
pooled,turbidity_s2,calibration,4,robots_instruments,0.3540830721490169,0.5229857450135085,0.5149208319275076,0.0037779762206152
pooled,turbidity_s2,calibration,5,reefs_invertebrates,0.5148207981696494,0.6797118164626534,0.6607203516834849,0.0268472715282507
pooled,turbidity_s2,calibration,6,fish_vertebrates,0.6003215186439618,0.7502511359750338,0.7238483077571878,0.0183054950246268
pooled,turbidity_s2,calibration,7,seafloor_rocks,0.2282978692743668,0.3717304653621793,0.3170116697534741,0.0172878972815775
per_degradation,turbidity_s2,calibration,0,background_waterbody,0.7323081480330164,0.8454709964442876,0.8833152464850278,0.0285429371020788
per_degradation,turbidity_s2,calibration,1,human_divers,0.6610674430321053,0.7959549695651077,0.7896553744228281,0.0046040322518039
per_degradation,turbidity_s2,calibration,2,aquatic_plants,0.0979480118487278,0.1784201269854348,0.1205311941730588,0.0062378491935135
per_degradation,turbidity_s2,calibration,3,wrecks_ruins,0.358934108950493,0.5282582968319169,0.4573722532916757,0.0067097147201564
per_degradation,turbidity_s2,calibration,4,robots_instruments,0.3540830721490169,0.5229857450135085,0.5149208319275076,0.0032240722148967
per_degradation,turbidity_s2,calibration,5,reefs_invertebrates,0.5148207981696494,0.6797118164626534,0.6607203516834849,0.02677427265931
per_degradation,turbidity_s2,calibration,6,fish_vertebrates,0.6003215186439618,0.7502511359750338,0.7238483077571878,0.0157299254352763
per_degradation,turbidity_s2,calibration,7,seafloor_rocks,0.2282978692743668,0.3717304653621793,0.3170116697534741,0.0178503274901844
raw,turbidity_s3,calibration,0,background_waterbody,0.7277852795960038,0.8424487558618127,0.8961569009781694,0.0830358041208302
raw,turbidity_s3,calibration,1,human_divers,0.6440168436570869,0.7834674518595353,0.7482097683856228,0.0016591222406422
raw,turbidity_s3,calibration,2,aquatic_plants,0.0885915206916637,0.1627635692686177,0.1052157272279091,0.0139548423012943
raw,turbidity_s3,calibration,3,wrecks_ruins,0.3169651615153313,0.4813569421238503,0.3662273347269297,0.003723446544038
raw,turbidity_s3,calibration,4,robots_instruments,0.3546230862257616,0.523574549749937,0.5194184701402612,0.0032064893540982
raw,turbidity_s3,calibration,5,reefs_invertebrates,0.5032805725353419,0.6695763674861298,0.6406442874881993,0.0750306321559051
raw,turbidity_s3,calibration,6,fish_vertebrates,0.5793019355691599,0.7336177111191686,0.6848324641723887,0.0126204422026105
raw,turbidity_s3,calibration,7,seafloor_rocks,0.2078664860398744,0.3441878526183601,0.276373460480083,0.0351574456440254
clean_global,turbidity_s3,calibration,0,background_waterbody,0.7277852795960038,0.8424487558618127,0.8961569009781694,0.0268920421971286
clean_global,turbidity_s3,calibration,1,human_divers,0.6440168436570869,0.7834674518595353,0.7482097683856228,0.0047982131751691
clean_global,turbidity_s3,calibration,2,aquatic_plants,0.0885915206916637,0.1627635692686177,0.1052157272279091,0.00477793725271
clean_global,turbidity_s3,calibration,3,wrecks_ruins,0.3169651615153313,0.4813569421238503,0.3662273347269297,0.0052582215446055
clean_global,turbidity_s3,calibration,4,robots_instruments,0.3546230862257616,0.523574549749937,0.5194184701402612,0.0030627568636999
clean_global,turbidity_s3,calibration,5,reefs_invertebrates,0.5032805725353419,0.6695763674861298,0.6406442874881993,0.0289387059022057
clean_global,turbidity_s3,calibration,6,fish_vertebrates,0.5793019355691599,0.7336177111191686,0.6848324641723887,0.0133705628493147
clean_global,turbidity_s3,calibration,7,seafloor_rocks,0.2078664860398744,0.3441878526183601,0.276373460480083,0.0166769194671992
pooled,turbidity_s3,calibration,0,background_waterbody,0.7277852795960038,0.8424487558618127,0.8961569009781694,0.0322796361411699
pooled,turbidity_s3,calibration,1,human_divers,0.6440168436570869,0.7834674518595353,0.7482097683856228,0.0058979336251616
pooled,turbidity_s3,calibration,2,aquatic_plants,0.0885915206916637,0.1627635692686177,0.1052157272279091,0.0042723073928481
pooled,turbidity_s3,calibration,3,wrecks_ruins,0.3169651615153313,0.4813569421238503,0.3662273347269297,0.0066969648070563
pooled,turbidity_s3,calibration,4,robots_instruments,0.3546230862257616,0.523574549749937,0.5194184701402612,0.003809817572994
pooled,turbidity_s3,calibration,5,reefs_invertebrates,0.5032805725353419,0.6695763674861298,0.6406442874881993,0.0287579961980734
pooled,turbidity_s3,calibration,6,fish_vertebrates,0.5793019355691599,0.7336177111191686,0.6848324641723887,0.0168335794555767
pooled,turbidity_s3,calibration,7,seafloor_rocks,0.2078664860398744,0.3441878526183601,0.276373460480083,0.0157815364089042
per_degradation,turbidity_s3,calibration,0,background_waterbody,0.7277852795960038,0.8424487558618127,0.8961569009781694,0.0280850934170208
per_degradation,turbidity_s3,calibration,1,human_divers,0.6440168436570869,0.7834674518595353,0.7482097683856228,0.0050568588077252
per_degradation,turbidity_s3,calibration,2,aquatic_plants,0.0885915206916637,0.1627635692686177,0.1052157272279091,0.0045141452238969
per_degradation,turbidity_s3,calibration,3,wrecks_ruins,0.3169651615153313,0.4813569421238503,0.3662273347269297,0.0055990457249063
per_degradation,turbidity_s3,calibration,4,robots_instruments,0.3546230862257616,0.523574549749937,0.5194184701402612,0.0032261800873254
per_degradation,turbidity_s3,calibration,5,reefs_invertebrates,0.5032805725353419,0.6695763674861298,0.6406442874881993,0.0288642082600166
per_degradation,turbidity_s3,calibration,6,fish_vertebrates,0.5793019355691599,0.7336177111191686,0.6848324641723887,0.0142085488242198
per_degradation,turbidity_s3,calibration,7,seafloor_rocks,0.2078664860398744,0.3441878526183601,0.276373460480083,0.0164297799218866
raw,lowlight_s1,calibration,0,background_waterbody,0.7279490831992699,0.8425584877205802,0.8781735231483955,0.0799039192745794
raw,lowlight_s1,calibration,1,human_divers,0.6306966632674963,0.7735303290603938,0.779322465369683,0.0023567925703113
raw,lowlight_s1,calibration,2,aquatic_plants,0.0967575005526142,0.1764428335413468,0.1250125900520035,0.0147283256970279
raw,lowlight_s1,calibration,3,wrecks_ruins,0.3206159841992029,0.4855552076232342,0.4819930461570275,0.0045300558115286
raw,lowlight_s1,calibration,4,robots_instruments,0.3331446465133084,0.4997876972834286,0.4999698751626741,0.0034314406145987
raw,lowlight_s1,calibration,5,reefs_invertebrates,0.5100267398876985,0.6755201433394875,0.6517704983881853,0.0792373602868582
raw,lowlight_s1,calibration,6,fish_vertebrates,0.5965128075839845,0.7472696802059384,0.7135224322841753,0.0116059292231068
raw,lowlight_s1,calibration,7,seafloor_rocks,0.2453166079071041,0.3939827130698699,0.349321577797681,0.0309552064418087
clean_global,lowlight_s1,calibration,0,background_waterbody,0.7279490831992699,0.8425584877205802,0.8781735231483955,0.0356770561743187
clean_global,lowlight_s1,calibration,1,human_divers,0.6306966632674963,0.7735303290603938,0.779322465369683,0.0038944549190008
clean_global,lowlight_s1,calibration,2,aquatic_plants,0.0967575005526142,0.1764428335413468,0.1250125900520035,0.0099063886682522
clean_global,lowlight_s1,calibration,3,wrecks_ruins,0.3206159841992029,0.4855552076232342,0.4819930461570275,0.0083490999180623
clean_global,lowlight_s1,calibration,4,robots_instruments,0.3331446465133084,0.4997876972834286,0.4999698751626741,0.0033384946940586
clean_global,lowlight_s1,calibration,5,reefs_invertebrates,0.5100267398876985,0.6755201433394875,0.6517704983881853,0.0299455802142261
clean_global,lowlight_s1,calibration,6,fish_vertebrates,0.5965128075839845,0.7472696802059384,0.7135224322841753,0.0147018306069713
clean_global,lowlight_s1,calibration,7,seafloor_rocks,0.2453166079071041,0.3939827130698699,0.349321577797681,0.0217537359350664
pooled,lowlight_s1,calibration,0,background_waterbody,0.7279490831992699,0.8425584877205802,0.8781735231483955,0.0398492791133105
pooled,lowlight_s1,calibration,1,human_divers,0.6306966632674963,0.7735303290603938,0.779322465369683,0.0050585478862091
pooled,lowlight_s1,calibration,2,aquatic_plants,0.0967575005526142,0.1764428335413468,0.1250125900520035,0.0122917261587594
pooled,lowlight_s1,calibration,3,wrecks_ruins,0.3206159841992029,0.4855552076232342,0.4819930461570275,0.0097479311043221
pooled,lowlight_s1,calibration,4,robots_instruments,0.3331446465133084,0.4997876972834286,0.4999698751626741,0.004082824700874
pooled,lowlight_s1,calibration,5,reefs_invertebrates,0.5100267398876985,0.6755201433394875,0.6517704983881853,0.0299558972194121
pooled,lowlight_s1,calibration,6,fish_vertebrates,0.5965128075839845,0.7472696802059384,0.7135224322841753,0.0181765647296666
pooled,lowlight_s1,calibration,7,seafloor_rocks,0.2453166079071041,0.3939827130698699,0.349321577797681,0.0214020171889939
per_degradation,lowlight_s1,calibration,0,background_waterbody,0.7279490831992699,0.8425584877205802,0.8781735231483955,0.0376047724354214
per_degradation,lowlight_s1,calibration,1,human_divers,0.6306966632674963,0.7735303290603938,0.779322465369683,0.0045474225435032
per_degradation,lowlight_s1,calibration,2,aquatic_plants,0.0967575005526142,0.1764428335413468,0.1250125900520035,0.0112607547225447
per_degradation,lowlight_s1,calibration,3,wrecks_ruins,0.3206159841992029,0.4855552076232342,0.4819930461570275,0.009118707641067
per_degradation,lowlight_s1,calibration,4,robots_instruments,0.3331446465133084,0.4997876972834286,0.4999698751626741,0.0037552384645275
per_degradation,lowlight_s1,calibration,5,reefs_invertebrates,0.5100267398876985,0.6755201433394875,0.6517704983881853,0.0298992754884957
per_degradation,lowlight_s1,calibration,6,fish_vertebrates,0.5965128075839845,0.7472696802059384,0.7135224322841753,0.0166723848623269
per_degradation,lowlight_s1,calibration,7,seafloor_rocks,0.2453166079071041,0.3939827130698699,0.349321577797681,0.0215482242196615
raw,lowlight_s2,calibration,0,background_waterbody,0.7116176840659686,0.8315147602068613,0.8779210080526235,0.0928486499368022
raw,lowlight_s2,calibration,1,human_divers,0.5111214986035315,0.6764796862143418,0.6988086425341776,0.0038725461300823
raw,lowlight_s2,calibration,2,aquatic_plants,0.0989307926331627,0.1800491774302062,0.1289201446133131,0.0148462076479178
raw,lowlight_s2,calibration,3,wrecks_ruins,0.2978606745713288,0.4590025422716647,0.4457445158622116,0.0047707521533619
raw,lowlight_s2,calibration,4,robots_instruments,0.2930443071442487,0.4532625920475244,0.5075131344290741,0.0043637027418949
raw,lowlight_s2,calibration,5,reefs_invertebrates,0.4912143668346382,0.6588112048267428,0.6167447766397997,0.0841627298834079
raw,lowlight_s2,calibration,6,fish_vertebrates,0.5426038224730338,0.7034908309810299,0.6538016318315127,0.0138607941277951
raw,lowlight_s2,calibration,7,seafloor_rocks,0.2368723924865352,0.3830183193115677,0.3450029179449562,0.0329782191929466
clean_global,lowlight_s2,calibration,0,background_waterbody,0.7116176840659686,0.8315147602068613,0.8779210080526235,0.0353903133689245
clean_global,lowlight_s2,calibration,1,human_divers,0.5111214986035315,0.6764796862143418,0.6988086425341776,0.0033834283873765
clean_global,lowlight_s2,calibration,2,aquatic_plants,0.0989307926331627,0.1800491774302062,0.1289201446133131,0.0111175326306219
clean_global,lowlight_s2,calibration,3,wrecks_ruins,0.2978606745713288,0.4590025422716647,0.4457445158622116,0.0098622545827729
clean_global,lowlight_s2,calibration,4,robots_instruments,0.2930443071442487,0.4532625920475244,0.5075131344290741,0.004955362925832
clean_global,lowlight_s2,calibration,5,reefs_invertebrates,0.4912143668346382,0.6588112048267428,0.6167447766397997,0.0399503488615751
clean_global,lowlight_s2,calibration,6,fish_vertebrates,0.5426038224730338,0.7034908309810299,0.6538016318315127,0.0136695611759766
clean_global,lowlight_s2,calibration,7,seafloor_rocks,0.2368723924865352,0.3830183193115677,0.3450029179449562,0.0226874702357736
pooled,lowlight_s2,calibration,0,background_waterbody,0.7116176840659686,0.8315147602068613,0.8779210080526235,0.0399954608637175
pooled,lowlight_s2,calibration,1,human_divers,0.5111214986035315,0.6764796862143418,0.6988086425341776,0.0044476299021257
pooled,lowlight_s2,calibration,2,aquatic_plants,0.0989307926331627,0.1800491774302062,0.1289201446133131,0.0135721827164689
pooled,lowlight_s2,calibration,3,wrecks_ruins,0.2978606745713288,0.4590025422716647,0.4457445158622116,0.011545265317987
pooled,lowlight_s2,calibration,4,robots_instruments,0.2930443071442487,0.4532625920475244,0.5075131344290741,0.005751401401158
pooled,lowlight_s2,calibration,5,reefs_invertebrates,0.4912143668346382,0.6588112048267428,0.6167447766397997,0.0397007137271659
pooled,lowlight_s2,calibration,6,fish_vertebrates,0.5426038224730338,0.7034908309810299,0.6538016318315127,0.0171593004445167
pooled,lowlight_s2,calibration,7,seafloor_rocks,0.2368723924865352,0.3830183193115677,0.3450029179449562,0.0221146595120949
per_degradation,lowlight_s2,calibration,0,background_waterbody,0.7116176840659686,0.8315147602068613,0.8779210080526235,0.0378856533916447
per_degradation,lowlight_s2,calibration,1,human_divers,0.5111214986035315,0.6764796862143418,0.6988086425341776,0.0039579969999281
per_degradation,lowlight_s2,calibration,2,aquatic_plants,0.0989307926331627,0.1800491774302062,0.1289201446133131,0.0125116583516532
per_degradation,lowlight_s2,calibration,3,wrecks_ruins,0.2978606745713288,0.4590025422716647,0.4457445158622116,0.0107977405681329
per_degradation,lowlight_s2,calibration,4,robots_instruments,0.2930443071442487,0.4532625920475244,0.5075131344290741,0.0053906997851322
per_degradation,lowlight_s2,calibration,5,reefs_invertebrates,0.4912143668346382,0.6588112048267428,0.6167447766397997,0.03970092703201
per_degradation,lowlight_s2,calibration,6,fish_vertebrates,0.5426038224730338,0.7034908309810299,0.6538016318315127,0.0156534849416718
per_degradation,lowlight_s2,calibration,7,seafloor_rocks,0.2368723924865352,0.3830183193115677,0.3450029179449562,0.0223607844618861
raw,lowlight_s3,calibration,0,background_waterbody,0.6428774542328095,0.7826237466178148,0.8496046919018507,0.1322822298325989
raw,lowlight_s3,calibration,1,human_divers,0.092629216410985,0.1695528822032582,0.240809718324111,0.0219307292967836
raw,lowlight_s3,calibration,2,aquatic_plants,0.0602019837226399,0.1135670082624358,0.0773214730625897,0.0169506162388122
raw,lowlight_s3,calibration,3,wrecks_ruins,0.1883505426179219,0.3169949200393143,0.4692054511978346,0.0149430679836879
raw,lowlight_s3,calibration,4,robots_instruments,0.0945062762466438,0.1726920681912054,0.2481262351183303,0.0077735364653371
raw,lowlight_s3,calibration,5,reefs_invertebrates,0.4114689361016619,0.5830364743812195,0.504132862056802,0.1000588776586303
raw,lowlight_s3,calibration,6,fish_vertebrates,0.3749637917271964,0.5454162414796043,0.4701689513799967,0.0244936039361811
raw,lowlight_s3,calibration,7,seafloor_rocks,0.1647180311623005,0.2828461941091861,0.2313877158570045,0.0389192185990838
clean_global,lowlight_s3,calibration,0,background_waterbody,0.6428774542328095,0.7826237466178148,0.8496046919018507,0.0591017579191796
clean_global,lowlight_s3,calibration,1,human_divers,0.092629216410985,0.1695528822032582,0.240809718324111,0.0126754948234137
clean_global,lowlight_s3,calibration,2,aquatic_plants,0.0602019837226399,0.1135670082624358,0.0773214730625897,0.0131008571874461
clean_global,lowlight_s3,calibration,3,wrecks_ruins,0.1883505426179219,0.3169949200393143,0.4692054511978346,0.0265488220165966
clean_global,lowlight_s3,calibration,4,robots_instruments,0.0945062762466438,0.1726920681912054,0.2481262351183303,0.0152429937977024
clean_global,lowlight_s3,calibration,5,reefs_invertebrates,0.4114689361016619,0.5830364743812195,0.504132862056802,0.0647069492947254
clean_global,lowlight_s3,calibration,6,fish_vertebrates,0.3749637917271964,0.5454162414796043,0.4701689513799967,0.0086545717645786
clean_global,lowlight_s3,calibration,7,seafloor_rocks,0.1647180311623005,0.2828461941091861,0.2313877158570045,0.0284535854336174
pooled,lowlight_s3,calibration,0,background_waterbody,0.6428774542328095,0.7826237466178148,0.8496046919018507,0.0594994960927202
pooled,lowlight_s3,calibration,1,human_divers,0.092629216410985,0.1695528822032582,0.240809718324111,0.0133769830776542
pooled,lowlight_s3,calibration,2,aquatic_plants,0.0602019837226399,0.1135670082624358,0.0773214730625897,0.0157586960339517
pooled,lowlight_s3,calibration,3,wrecks_ruins,0.1883505426179219,0.3169949200393143,0.4692054511978346,0.0283829297455625
pooled,lowlight_s3,calibration,4,robots_instruments,0.0945062762466438,0.1726920681912054,0.2481262351183303,0.0165665276483983
pooled,lowlight_s3,calibration,5,reefs_invertebrates,0.4114689361016619,0.5830364743812195,0.504132862056802,0.0649743900993985
pooled,lowlight_s3,calibration,6,fish_vertebrates,0.3749637917271964,0.5454162414796043,0.4701689513799967,0.0121367911351389
pooled,lowlight_s3,calibration,7,seafloor_rocks,0.1647180311623005,0.2828461941091861,0.2313877158570045,0.0281114469971378
per_degradation,lowlight_s3,calibration,0,background_waterbody,0.6428774542328095,0.7826237466178148,0.8496046919018507,0.0590976890329044
per_degradation,lowlight_s3,calibration,1,human_divers,0.092629216410985,0.1695528822032582,0.240809718324111,0.013064864460884
per_degradation,lowlight_s3,calibration,2,aquatic_plants,0.0602019837226399,0.1135670082624358,0.0773214730625897,0.0146096899931739
per_degradation,lowlight_s3,calibration,3,wrecks_ruins,0.1883505426179219,0.3169949200393143,0.4692054511978346,0.0275942683857689
per_degradation,lowlight_s3,calibration,4,robots_instruments,0.0945062762466438,0.1726920681912054,0.2481262351183303,0.0159916824645286
per_degradation,lowlight_s3,calibration,5,reefs_invertebrates,0.4114689361016619,0.5830364743812195,0.504132862056802,0.0648468010190637
per_degradation,lowlight_s3,calibration,6,fish_vertebrates,0.3749637917271964,0.5454162414796043,0.4701689513799967,0.0106163573723945
per_degradation,lowlight_s3,calibration,7,seafloor_rocks,0.1647180311623005,0.2828461941091861,0.2313877158570045,0.0282411700410785
raw,blur_s1,calibration,0,background_waterbody,0.7261088082198731,0.8413244921317623,0.8797568110597586,0.0842733184691925
raw,blur_s1,calibration,1,human_divers,0.6570088285768655,0.793005827423554,0.8016957005682515,0.002281268089798
raw,blur_s1,calibration,2,aquatic_plants,0.0724534126912919,0.1351171283225667,0.0888274553251944,0.0154225033948423
raw,blur_s1,calibration,3,wrecks_ruins,0.3046285437372432,0.4669965948538935,0.44829885353054,0.0048436198150856
raw,blur_s1,calibration,4,robots_instruments,0.3437537434495977,0.5116320533063377,0.5100375957969827,0.0032770538680189
raw,blur_s1,calibration,5,reefs_invertebrates,0.4952762356419081,0.6624545001603541,0.6326523985555856,0.0882339537565324
raw,blur_s1,calibration,6,fish_vertebrates,0.5734217768135983,0.7288850138770273,0.6977265561161483,0.0146259698837617
raw,blur_s1,calibration,7,seafloor_rocks,0.2334456496105407,0.3785260415556226,0.3485183830532241,0.0373764900646964
clean_global,blur_s1,calibration,0,background_waterbody,0.7261088082198731,0.8413244921317623,0.8797568110597586,0.0316211736982607
clean_global,blur_s1,calibration,1,human_divers,0.6570088285768655,0.793005827423554,0.8016957005682515,0.003612072165484
clean_global,blur_s1,calibration,2,aquatic_plants,0.0724534126912919,0.1351171283225667,0.0888274553251944,0.006128886816716
clean_global,blur_s1,calibration,3,wrecks_ruins,0.3046285437372432,0.4669965948538935,0.44829885353054,0.0058253076905891
clean_global,blur_s1,calibration,4,robots_instruments,0.3437537434495977,0.5116320533063377,0.5100375957969827,0.0028500615096375
clean_global,blur_s1,calibration,5,reefs_invertebrates,0.4952762356419081,0.6624545001603541,0.6326523985555856,0.0321316258678548
clean_global,blur_s1,calibration,6,fish_vertebrates,0.5734217768135983,0.7288850138770273,0.6977265561161483,0.0109990242981508
clean_global,blur_s1,calibration,7,seafloor_rocks,0.2334456496105407,0.3785260415556226,0.3485183830532241,0.0261127584108949
pooled,blur_s1,calibration,0,background_waterbody,0.7261088082198731,0.8413244921317623,0.8797568110597586,0.0342949594177094
pooled,blur_s1,calibration,1,human_divers,0.6570088285768655,0.793005827423554,0.8016957005682515,0.0046458564146921
pooled,blur_s1,calibration,2,aquatic_plants,0.0724534126912919,0.1351171283225667,0.0888274553251944,0.0051661766685229
pooled,blur_s1,calibration,3,wrecks_ruins,0.3046285437372432,0.4669965948538935,0.44829885353054,0.0070638724935648
pooled,blur_s1,calibration,4,robots_instruments,0.3437537434495977,0.5116320533063377,0.5100375957969827,0.0035387741812555
pooled,blur_s1,calibration,5,reefs_invertebrates,0.4952762356419081,0.6624545001603541,0.6326523985555856,0.0297287026893886
pooled,blur_s1,calibration,6,fish_vertebrates,0.5734217768135983,0.7288850138770273,0.6977265561161483,0.0143679669468992
pooled,blur_s1,calibration,7,seafloor_rocks,0.2334456496105407,0.3785260415556226,0.3485183830532241,0.0254470152272882
per_degradation,blur_s1,calibration,0,background_waterbody,0.7261088082198731,0.8413244921317623,0.8797568110597586,0.050332334342295
per_degradation,blur_s1,calibration,1,human_divers,0.6570088285768655,0.793005827423554,0.8016957005682515,0.0072684115826418
per_degradation,blur_s1,calibration,2,aquatic_plants,0.0724534126912919,0.1351171283225667,0.0888274553251944,0.0096012580988765
per_degradation,blur_s1,calibration,3,wrecks_ruins,0.3046285437372432,0.4669965948538935,0.44829885353054,0.0102772323081238
per_degradation,blur_s1,calibration,4,robots_instruments,0.3437537434495977,0.5116320533063377,0.5100375957969827,0.0053708718790798
per_degradation,blur_s1,calibration,5,reefs_invertebrates,0.4952762356419081,0.6624545001603541,0.6326523985555856,0.0292604234748616
per_degradation,blur_s1,calibration,6,fish_vertebrates,0.5734217768135983,0.7288850138770273,0.6977265561161483,0.0221656642295198
per_degradation,blur_s1,calibration,7,seafloor_rocks,0.2334456496105407,0.3785260415556226,0.3485183830532241,0.0268414198987338
raw,blur_s2,calibration,0,background_waterbody,0.7088517523344932,0.829623460743295,0.8793826270456918,0.1080017299832806
raw,blur_s2,calibration,1,human_divers,0.6471282229902919,0.7857654479569999,0.7717812844505749,0.0023574299963538
raw,blur_s2,calibration,2,aquatic_plants,0.0475963859536929,0.090867793344596,0.0549403364061895,0.0177041440888315
raw,blur_s2,calibration,3,wrecks_ruins,0.2545091127216552,0.4057509190499193,0.328453094698722,0.0057079281416385
raw,blur_s2,calibration,4,robots_instruments,0.3266889694266332,0.4924876545371764,0.487157781847978,0.0032922396195474
raw,blur_s2,calibration,5,reefs_invertebrates,0.4605566036553337,0.6306590275278604,0.5955962592850108,0.1069372529947245
raw,blur_s2,calibration,6,fish_vertebrates,0.4990765289978959,0.665845297880181,0.5837349300607175,0.0213766111063517
raw,blur_s2,calibration,7,seafloor_rocks,0.2179016137155344,0.3578312258750808,0.350360335806832,0.0449128286236227
clean_global,blur_s2,calibration,0,background_waterbody,0.7088517523344932,0.829623460743295,0.8793826270456918,0.0293069715049519
clean_global,blur_s2,calibration,1,human_divers,0.6471282229902919,0.7857654479569999,0.7717812844505749,0.0025971751530274
clean_global,blur_s2,calibration,2,aquatic_plants,0.0475963859536929,0.090867793344596,0.0549403364061895,0.0078291333523255
clean_global,blur_s2,calibration,3,wrecks_ruins,0.2545091127216552,0.4057509190499193,0.328453094698722,0.002107497696392
clean_global,blur_s2,calibration,4,robots_instruments,0.3266889694266332,0.4924876545371764,0.487157781847978,0.0022349347473597
clean_global,blur_s2,calibration,5,reefs_invertebrates,0.4605566036553337,0.6306590275278604,0.5955962592850108,0.0464846704393841
clean_global,blur_s2,calibration,6,fish_vertebrates,0.4990765289978959,0.665845297880181,0.5837349300607175,0.0045525091925404
clean_global,blur_s2,calibration,7,seafloor_rocks,0.2179016137155344,0.3578312258750808,0.350360335806832,0.0331349220800133
pooled,blur_s2,calibration,0,background_waterbody,0.7088517523344932,0.829623460743295,0.8793826270456918,0.0269410619048433
pooled,blur_s2,calibration,1,human_divers,0.6471282229902919,0.7857654479569999,0.7717812844505749,0.0034547685844198
pooled,blur_s2,calibration,2,aquatic_plants,0.0475963859536929,0.090867793344596,0.0549403364061895,0.0065841455361238
pooled,blur_s2,calibration,3,wrecks_ruins,0.2545091127216552,0.4057509190499193,0.328453094698722,0.00311462582669
pooled,blur_s2,calibration,4,robots_instruments,0.3266889694266332,0.4924876545371764,0.487157781847978,0.0028166481541563
pooled,blur_s2,calibration,5,reefs_invertebrates,0.4605566036553337,0.6306590275278604,0.5955962592850108,0.040201433161164
pooled,blur_s2,calibration,6,fish_vertebrates,0.4990765289978959,0.665845297880181,0.5837349300607175,0.0066268025687227
pooled,blur_s2,calibration,7,seafloor_rocks,0.2179016137155344,0.3578312258750808,0.350360335806832,0.032103299084764
per_degradation,blur_s2,calibration,0,background_waterbody,0.7088517523344932,0.829623460743295,0.8793826270456918,0.0315237127489038
per_degradation,blur_s2,calibration,1,human_divers,0.6471282229902919,0.7857654479569999,0.7717812844505749,0.0056833778997559
per_degradation,blur_s2,calibration,2,aquatic_plants,0.0475963859536929,0.090867793344596,0.0549403364061895,0.0038641460919135
per_degradation,blur_s2,calibration,3,wrecks_ruins,0.2545091127216552,0.4057509190499193,0.328453094698722,0.0056637640646145
per_degradation,blur_s2,calibration,4,robots_instruments,0.3266889694266332,0.4924876545371764,0.487157781847978,0.0044132378822085
per_degradation,blur_s2,calibration,5,reefs_invertebrates,0.4605566036553337,0.6306590275278604,0.5955962592850108,0.0308054069676682
per_degradation,blur_s2,calibration,6,fish_vertebrates,0.4990765289978959,0.665845297880181,0.5837349300607175,0.0135608804627444
per_degradation,blur_s2,calibration,7,seafloor_rocks,0.2179016137155344,0.3578312258750808,0.350360335806832,0.0305813523994623
raw,blur_s3,calibration,0,background_waterbody,0.6742719528974678,0.8054509325448398,0.8590569411005847,0.1346129223171193
raw,blur_s3,calibration,1,human_divers,0.6020814819565198,0.751624045015783,0.6999984022921781,0.0029532373974611
raw,blur_s3,calibration,2,aquatic_plants,0.0254598959486514,0.0496555663448906,0.0288020631782062,0.0195144030332213
raw,blur_s3,calibration,3,wrecks_ruins,0.2162386497373532,0.3555858873323093,0.2396570533256098,0.0061574743134761
raw,blur_s3,calibration,4,robots_instruments,0.2868480515058656,0.4458149525426827,0.418759338699571,0.003048332105681
raw,blur_s3,calibration,5,reefs_invertebrates,0.4095813329990145,0.5811389856129726,0.5617171586388576,0.1285795012009135
raw,blur_s3,calibration,6,fish_vertebrates,0.3817439584931157,0.5525538304642679,0.4384788368046761,0.030199955773086
raw,blur_s3,calibration,7,seafloor_rocks,0.2057053157531886,0.3412198869251682,0.3264162164790941,0.0488156532675629
clean_global,blur_s3,calibration,0,background_waterbody,0.6742719528974678,0.8054509325448398,0.8590569411005847,0.0485040928730823
clean_global,blur_s3,calibration,1,human_divers,0.6020814819565198,0.751624045015783,0.6999984022921781,0.0030665321362877
clean_global,blur_s3,calibration,2,aquatic_plants,0.0254598959486514,0.0496555663448906,0.0288020631782062,0.0121809188657888
clean_global,blur_s3,calibration,3,wrecks_ruins,0.2162386497373532,0.3555858873323093,0.2396570533256098,0.0015823982996241
clean_global,blur_s3,calibration,4,robots_instruments,0.2868480515058656,0.4458149525426827,0.418759338699571,0.0015067307497935
clean_global,blur_s3,calibration,5,reefs_invertebrates,0.4095813329990145,0.5811389856129726,0.5617171586388576,0.0626460294583443
clean_global,blur_s3,calibration,6,fish_vertebrates,0.3817439584931157,0.5525538304642679,0.4384788368046761,0.0125473881412646
clean_global,blur_s3,calibration,7,seafloor_rocks,0.2057053157531886,0.3412198869251682,0.3264162164790941,0.0379329107187564
pooled,blur_s3,calibration,0,background_waterbody,0.6742719528974678,0.8054509325448398,0.8590569411005847,0.0419422061806714
pooled,blur_s3,calibration,1,human_divers,0.6020814819565198,0.751624045015783,0.6999984022921781,0.0038413123691864
pooled,blur_s3,calibration,2,aquatic_plants,0.0254598959486514,0.0496555663448906,0.0288020631782062,0.010751973281964
pooled,blur_s3,calibration,3,wrecks_ruins,0.2162386497373532,0.3555858873323093,0.2396570533256098,0.0015886977606019
pooled,blur_s3,calibration,4,robots_instruments,0.2868480515058656,0.4458149525426827,0.418759338699571,0.0020326767077451
pooled,blur_s3,calibration,5,reefs_invertebrates,0.4095813329990145,0.5811389856129726,0.5617171586388576,0.0553718956059522
pooled,blur_s3,calibration,6,fish_vertebrates,0.3817439584931157,0.5525538304642679,0.4384788368046761,0.010572979084951
pooled,blur_s3,calibration,7,seafloor_rocks,0.2057053157531886,0.3412198869251682,0.3264162164790941,0.0370519151103836
per_degradation,blur_s3,calibration,0,background_waterbody,0.6742719528974678,0.8054509325448398,0.8590569411005847,0.033793641755237
per_degradation,blur_s3,calibration,1,human_divers,0.6020814819565198,0.751624045015783,0.6999984022921781,0.0056630608298587
per_degradation,blur_s3,calibration,2,aquatic_plants,0.0254598959486514,0.0496555663448906,0.0288020631782062,0.0072735430784321
per_degradation,blur_s3,calibration,3,wrecks_ruins,0.2162386497373532,0.3555858873323093,0.2396570533256098,0.0037126155380129
per_degradation,blur_s3,calibration,4,robots_instruments,0.2868480515058656,0.4458149525426827,0.418759338699571,0.0034383109838875
per_degradation,blur_s3,calibration,5,reefs_invertebrates,0.4095813329990145,0.5811389856129726,0.5617171586388576,0.0410154513611723
per_degradation,blur_s3,calibration,6,fish_vertebrates,0.3817439584931157,0.5525538304642679,0.4384788368046761,0.006002226213721
per_degradation,blur_s3,calibration,7,seafloor_rocks,0.2057053157531886,0.3412198869251682,0.3264162164790941,0.0358640791191099
raw,clean,confirmation,0,background_waterbody,0.720033967504675,0.8372322653014327,0.8685031648076741,0.0799784096665442
raw,clean,confirmation,1,human_divers,0.6363169405702638,0.7777428990602572,0.8020124166036295,0.001769479291869
raw,clean,confirmation,2,aquatic_plants,0.0624053623912789,0.1174793814120364,0.0804647290297197,0.0203849217601098
raw,clean,confirmation,3,wrecks_ruins,0.4536012931136555,0.6241068926707248,0.7228225243019916,0.0068934431275883
raw,clean,confirmation,4,robots_instruments,0.5879510850017984,0.74051536039743,0.8061401730382515,0.0008876292167553
raw,clean,confirmation,5,reefs_invertebrates,0.5436215871569382,0.7043456656474821,0.6980855681510387,0.0734686664640858
raw,clean,confirmation,6,fish_vertebrates,0.5881426397662632,0.7406672738826833,0.7217420898180701,0.0115609481135188
raw,clean,confirmation,7,seafloor_rocks,0.1463211084353698,0.2552881690106633,0.1929494898667631,0.0385486293072296
clean_global,clean,confirmation,0,background_waterbody,0.720033967504675,0.8372322653014327,0.8685031648076741,0.0279883387282541
clean_global,clean,confirmation,1,human_divers,0.6363169405702638,0.7777428990602572,0.8020124166036295,0.004339980629622
clean_global,clean,confirmation,2,aquatic_plants,0.0624053623912789,0.1174793814120364,0.0804647290297197,0.0109999021322628
clean_global,clean,confirmation,3,wrecks_ruins,0.4536012931136555,0.6241068926707248,0.7228225243019916,0.0107517209009637
clean_global,clean,confirmation,4,robots_instruments,0.5879510850017984,0.74051536039743,0.8061401730382515,0.0039619596050455
clean_global,clean,confirmation,5,reefs_invertebrates,0.5436215871569382,0.7043456656474821,0.6980855681510387,0.0223604411398027
clean_global,clean,confirmation,6,fish_vertebrates,0.5881426397662632,0.7406672738826833,0.7217420898180701,0.0171715060679781
clean_global,clean,confirmation,7,seafloor_rocks,0.1463211084353698,0.2552881690106633,0.1929494898667631,0.0205383969866135
pooled,clean,confirmation,0,background_waterbody,0.720033967504675,0.8372322653014327,0.8685031648076741,0.0330255413730174
pooled,clean,confirmation,1,human_divers,0.6363169405702638,0.7777428990602572,0.8020124166036295,0.0054433982338007
pooled,clean,confirmation,2,aquatic_plants,0.0624053623912789,0.1174793814120364,0.0804647290297197,0.0099704962334911
pooled,clean,confirmation,3,wrecks_ruins,0.4536012931136555,0.6241068926707248,0.7228225243019916,0.0119505173887723
pooled,clean,confirmation,4,robots_instruments,0.5879510850017984,0.74051536039743,0.8061401730382515,0.0047434157835087
pooled,clean,confirmation,5,reefs_invertebrates,0.5436215871569382,0.7043456656474821,0.6980855681510387,0.0225186590550929
pooled,clean,confirmation,6,fish_vertebrates,0.5881426397662632,0.7406672738826833,0.7217420898180701,0.0205165344240507
pooled,clean,confirmation,7,seafloor_rocks,0.1463211084353698,0.2552881690106633,0.1929494898667631,0.0190913754394784
per_degradation,clean,confirmation,0,background_waterbody,0.720033967504675,0.8372322653014327,0.8685031648076741,0.0279883387282541
per_degradation,clean,confirmation,1,human_divers,0.6363169405702638,0.7777428990602572,0.8020124166036295,0.004339980629622
per_degradation,clean,confirmation,2,aquatic_plants,0.0624053623912789,0.1174793814120364,0.0804647290297197,0.0109999021322628
per_degradation,clean,confirmation,3,wrecks_ruins,0.4536012931136555,0.6241068926707248,0.7228225243019916,0.0107517209009637
per_degradation,clean,confirmation,4,robots_instruments,0.5879510850017984,0.74051536039743,0.8061401730382515,0.0039619596050455
per_degradation,clean,confirmation,5,reefs_invertebrates,0.5436215871569382,0.7043456656474821,0.6980855681510387,0.0223604411398027
per_degradation,clean,confirmation,6,fish_vertebrates,0.5881426397662632,0.7406672738826833,0.7217420898180701,0.0171715060679781
per_degradation,clean,confirmation,7,seafloor_rocks,0.1463211084353698,0.2552881690106633,0.1929494898667631,0.0205383969866135
raw,color_s1,confirmation,0,background_waterbody,0.7179332182375597,0.8358103919477063,0.8684300701673315,0.0817295713358342
raw,color_s1,confirmation,1,human_divers,0.6090432596026503,0.757025339086349,0.752668570273297,0.0021007435361137
raw,color_s1,confirmation,2,aquatic_plants,0.0598860084266764,0.1130046211584072,0.0764691465428687,0.0200586143752298
raw,color_s1,confirmation,3,wrecks_ruins,0.4612284866058144,0.6312886599646984,0.7185896219498521,0.0063408943187644
raw,color_s1,confirmation,4,robots_instruments,0.5726413182148776,0.7282541944973048,0.7894883919716388,0.0007836296387014
raw,color_s1,confirmation,5,reefs_invertebrates,0.5402145813468447,0.7014796352264795,0.6960007669272538,0.0741925565396876
raw,color_s1,confirmation,6,fish_vertebrates,0.5908358963637295,0.742799301567483,0.7239396197779342,0.0113268773117109
raw,color_s1,confirmation,7,seafloor_rocks,0.1454568371181729,0.2539717471749075,0.1900857518236775,0.0385278598355927
clean_global,color_s1,confirmation,0,background_waterbody,0.7179332182375597,0.8358103919477063,0.8684300701673315,0.0291652305619012
clean_global,color_s1,confirmation,1,human_divers,0.6090432596026503,0.757025339086349,0.752668570273297,0.003987148025921
clean_global,color_s1,confirmation,2,aquatic_plants,0.0598860084266764,0.1130046211584072,0.0764691465428687,0.0107821817033854
clean_global,color_s1,confirmation,3,wrecks_ruins,0.4612284866058144,0.6312886599646984,0.7185896219498521,0.0115004250475242
clean_global,color_s1,confirmation,4,robots_instruments,0.5726413182148776,0.7282541944973048,0.7894883919716388,0.0038013170873379
clean_global,color_s1,confirmation,5,reefs_invertebrates,0.5402145813468447,0.7014796352264795,0.6960007669272538,0.0216333425758893
clean_global,color_s1,confirmation,6,fish_vertebrates,0.5908358963637295,0.742799301567483,0.7239396197779342,0.0178220252643535
clean_global,color_s1,confirmation,7,seafloor_rocks,0.1454568371181729,0.2539717471749075,0.1900857518236775,0.0174241082224278
pooled,color_s1,confirmation,0,background_waterbody,0.7179332182375597,0.8358103919477063,0.8684300701673315,0.0345221363850931
pooled,color_s1,confirmation,1,human_divers,0.6090432596026503,0.757025339086349,0.752668570273297,0.0050981325837897
pooled,color_s1,confirmation,2,aquatic_plants,0.0598860084266764,0.1130046211584072,0.0764691465428687,0.0096166916977194
pooled,color_s1,confirmation,3,wrecks_ruins,0.4612284866058144,0.6312886599646984,0.7185896219498521,0.0128043575617396
pooled,color_s1,confirmation,4,robots_instruments,0.5726413182148776,0.7282541944973048,0.7894883919716388,0.004620084672371
pooled,color_s1,confirmation,5,reefs_invertebrates,0.5402145813468447,0.7014796352264795,0.6960007669272538,0.0229959058370542
pooled,color_s1,confirmation,6,fish_vertebrates,0.5908358963637295,0.742799301567483,0.7239396197779342,0.0212351727560206
pooled,color_s1,confirmation,7,seafloor_rocks,0.1454568371181729,0.2539717471749075,0.1900857518236775,0.0158338694095851
per_degradation,color_s1,confirmation,0,background_waterbody,0.7179332182375597,0.8358103919477063,0.8684300701673315,0.0306796078805493
per_degradation,color_s1,confirmation,1,human_divers,0.6090432596026503,0.757025339086349,0.752668570273297,0.0043085751892676
per_degradation,color_s1,confirmation,2,aquatic_plants,0.0598860084266764,0.1130046211584072,0.0764691465428687,0.0104258445485966
per_degradation,color_s1,confirmation,3,wrecks_ruins,0.4612284866058144,0.6312886599646984,0.7185896219498521,0.011879198286228
per_degradation,color_s1,confirmation,4,robots_instruments,0.5726413182148776,0.7282541944973048,0.7894883919716388,0.0040301326672227
per_degradation,color_s1,confirmation,5,reefs_invertebrates,0.5402145813468447,0.7014796352264795,0.6960007669272538,0.0217670474811619
per_degradation,color_s1,confirmation,6,fish_vertebrates,0.5908358963637295,0.742799301567483,0.7239396197779342,0.0188378693254372
per_degradation,color_s1,confirmation,7,seafloor_rocks,0.1454568371181729,0.2539717471749075,0.1900857518236775,0.0168999090052667
raw,color_s2,confirmation,0,background_waterbody,0.7129787854078127,0.8324432170221795,0.8665240663516128,0.088875906115856
raw,color_s2,confirmation,1,human_divers,0.5891711121464396,0.7414822829879737,0.733964158585425,0.0024929436746172
raw,color_s2,confirmation,2,aquatic_plants,0.0559633988399728,0.10599495948714,0.0719792346023496,0.0202556948011748
raw,color_s2,confirmation,3,wrecks_ruins,0.4759656973738166,0.6449549582631922,0.7195836963178278,0.0055484004464479
raw,color_s2,confirmation,4,robots_instruments,0.5518147021297478,0.7111863309097717,0.7701845997052104,0.0007979696973138
raw,color_s2,confirmation,5,reefs_invertebrates,0.5311598824117908,0.6938006781827901,0.6879112649852451,0.0798746166488753
raw,color_s2,confirmation,6,fish_vertebrates,0.585090096070647,0.7382420690420738,0.7136190478933959,0.0110287994199003
raw,color_s2,confirmation,7,seafloor_rocks,0.1419642106533291,0.248631628432751,0.1855774653423052,0.0385991784662532
clean_global,color_s2,confirmation,0,background_waterbody,0.7129787854078127,0.8324432170221795,0.8665240663516128,0.0282272199097103
clean_global,color_s2,confirmation,1,human_divers,0.5891711121464396,0.7414822829879737,0.733964158585425,0.0038633965915492
clean_global,color_s2,confirmation,2,aquatic_plants,0.0559633988399728,0.10599495948714,0.0719792346023496,0.0106185778962315
clean_global,color_s2,confirmation,3,wrecks_ruins,0.4759656973738166,0.6449549582631922,0.7195836963178278,0.0114781295674082
clean_global,color_s2,confirmation,4,robots_instruments,0.5518147021297478,0.7111863309097717,0.7701845997052104,0.0040016899211046
clean_global,color_s2,confirmation,5,reefs_invertebrates,0.5311598824117908,0.6938006781827901,0.6879112649852451,0.0215056374185639
clean_global,color_s2,confirmation,6,fish_vertebrates,0.585090096070647,0.7382420690420738,0.7136190478933959,0.0180428732424228
clean_global,color_s2,confirmation,7,seafloor_rocks,0.1419642106533291,0.248631628432751,0.1855774653423052,0.0161942734734852
pooled,color_s2,confirmation,0,background_waterbody,0.7129787854078127,0.8324432170221795,0.8665240663516128,0.0320744518223133
pooled,color_s2,confirmation,1,human_divers,0.5891711121464396,0.7414822829879737,0.733964158585425,0.0049894912914425
pooled,color_s2,confirmation,2,aquatic_plants,0.0559633988399728,0.10599495948714,0.0719792346023496,0.0094402716904277
pooled,color_s2,confirmation,3,wrecks_ruins,0.4759656973738166,0.6449549582631922,0.7195836963178278,0.0128563133240512
pooled,color_s2,confirmation,4,robots_instruments,0.5518147021297478,0.7111863309097717,0.7701845997052104,0.0048693532111521
pooled,color_s2,confirmation,5,reefs_invertebrates,0.5311598824117908,0.6938006781827901,0.6879112649852451,0.0208599332629483
pooled,color_s2,confirmation,6,fish_vertebrates,0.585090096070647,0.7382420690420738,0.7136190478933959,0.0215078549421207
pooled,color_s2,confirmation,7,seafloor_rocks,0.1419642106533291,0.248631628432751,0.1855774653423052,0.0144102131908608
per_degradation,color_s2,confirmation,0,background_waterbody,0.7129787854078127,0.8324432170221795,0.8665240663516128,0.0290720366974291
per_degradation,color_s2,confirmation,1,human_divers,0.5891711121464396,0.7414822829879737,0.733964158585425,0.0041898935729937
per_degradation,color_s2,confirmation,2,aquatic_plants,0.0559633988399728,0.10599495948714,0.0719792346023496,0.0102599935817618
per_degradation,color_s2,confirmation,3,wrecks_ruins,0.4759656973738166,0.6449549582631922,0.7195836963178278,0.0118790802402291
per_degradation,color_s2,confirmation,4,robots_instruments,0.5518147021297478,0.7111863309097717,0.7701845997052104,0.0042444637838528
per_degradation,color_s2,confirmation,5,reefs_invertebrates,0.5311598824117908,0.6938006781827901,0.6879112649852451,0.0212170985147388
per_degradation,color_s2,confirmation,6,fish_vertebrates,0.585090096070647,0.7382420690420738,0.7136190478933959,0.0190788656318388
per_degradation,color_s2,confirmation,7,seafloor_rocks,0.1419642106533291,0.248631628432751,0.1855774653423052,0.0156823126504323
raw,color_s3,confirmation,0,background_waterbody,0.7086927245424767,0.8295145339630773,0.8697462199654017,0.0962390060453114
raw,color_s3,confirmation,1,human_divers,0.5818270853395907,0.7356393005682825,0.7260305712864338,0.0024688198057983
raw,color_s3,confirmation,2,aquatic_plants,0.0556688804117602,0.1054665557443481,0.0718095128451478,0.0206243147614801
raw,color_s3,confirmation,3,wrecks_ruins,0.4810925787620714,0.6496455193424556,0.6993809137721348,0.0050207552065302
raw,color_s3,confirmation,4,robots_instruments,0.5510006636442867,0.7105099005562457,0.7551875859574911,0.0007945395014414
raw,color_s3,confirmation,5,reefs_invertebrates,0.5199888748942664,0.6842008957867378,0.6733337076995982,0.084936593794019
raw,color_s3,confirmation,6,fish_vertebrates,0.5742931903801947,0.7295886101641611,0.702645184096632,0.0111412874597023
raw,color_s3,confirmation,7,seafloor_rocks,0.125731206092357,0.2233769578597643,0.1601257510686332,0.0403231815803884
clean_global,color_s3,confirmation,0,background_waterbody,0.7086927245424767,0.8295145339630773,0.8697462199654017,0.0241976289547601
clean_global,color_s3,confirmation,1,human_divers,0.5818270853395907,0.7356393005682825,0.7260305712864338,0.0037281337903371
clean_global,color_s3,confirmation,2,aquatic_plants,0.0556688804117602,0.1054665557443481,0.0718095128451478,0.0112171593481916
clean_global,color_s3,confirmation,3,wrecks_ruins,0.4810925787620714,0.6496455193424556,0.6993809137721348,0.0108374073255234
clean_global,color_s3,confirmation,4,robots_instruments,0.5510006636442867,0.7105099005562457,0.7551875859574911,0.0042805306253374
clean_global,color_s3,confirmation,5,reefs_invertebrates,0.5199888748942664,0.6842008957867378,0.6733337076995982,0.0254242222199891
clean_global,color_s3,confirmation,6,fish_vertebrates,0.5742931903801947,0.7295886101641611,0.702645184096632,0.0191445017038431
clean_global,color_s3,confirmation,7,seafloor_rocks,0.125731206092357,0.2233769578597643,0.1601257510686332,0.0173450653109087
pooled,color_s3,confirmation,0,background_waterbody,0.7086927245424767,0.8295145339630773,0.8697462199654017,0.0264930746420892
pooled,color_s3,confirmation,1,human_divers,0.5818270853395907,0.7356393005682825,0.7260305712864338,0.0048466399256155
pooled,color_s3,confirmation,2,aquatic_plants,0.0556688804117602,0.1054665557443481,0.0718095128451478,0.0100018348852282
pooled,color_s3,confirmation,3,wrecks_ruins,0.4810925787620714,0.6496455193424556,0.6993809137721348,0.0122494400022768
pooled,color_s3,confirmation,4,robots_instruments,0.5510006636442867,0.7105099005562457,0.7551875859574911,0.0052004186612545
pooled,color_s3,confirmation,5,reefs_invertebrates,0.5199888748942664,0.6842008957867378,0.6733337076995982,0.0244882743363141
pooled,color_s3,confirmation,6,fish_vertebrates,0.5742931903801947,0.7295886101641611,0.702645184096632,0.0227213020315853
pooled,color_s3,confirmation,7,seafloor_rocks,0.125731206092357,0.2233769578597643,0.1601257510686332,0.0146582730081112
per_degradation,color_s3,confirmation,0,background_waterbody,0.7086927245424767,0.8295145339630773,0.8697462199654017,0.0246946485891545
per_degradation,color_s3,confirmation,1,human_divers,0.5818270853395907,0.7356393005682825,0.7260305712864338,0.0040509960536814
per_degradation,color_s3,confirmation,2,aquatic_plants,0.0556688804117602,0.1054665557443481,0.0718095128451478,0.0108612326793203
per_degradation,color_s3,confirmation,3,wrecks_ruins,0.4810925787620714,0.6496455193424556,0.6993809137721348,0.0112407303506787
per_degradation,color_s3,confirmation,4,robots_instruments,0.5510006636442867,0.7105099005562457,0.7551875859574911,0.0045407952818666
per_degradation,color_s3,confirmation,5,reefs_invertebrates,0.5199888748942664,0.6842008957867378,0.6733337076995982,0.0250845688287795
per_degradation,color_s3,confirmation,6,fish_vertebrates,0.5742931903801947,0.7295886101641611,0.702645184096632,0.0202030352903295
per_degradation,color_s3,confirmation,7,seafloor_rocks,0.125731206092357,0.2233769578597643,0.1601257510686332,0.0165172204601284
raw,turbidity_s1,confirmation,0,background_waterbody,0.7213679554061114,0.838133361482175,0.8728900176279751,0.0809939527787836
raw,turbidity_s1,confirmation,1,human_divers,0.6449964265260627,0.7841918877455307,0.7739035521117994,0.0014261419731109
raw,turbidity_s1,confirmation,2,aquatic_plants,0.0582656311021391,0.1101153233927817,0.0754330130181335,0.0207109095524004
raw,turbidity_s1,confirmation,3,wrecks_ruins,0.4844155217152258,0.6526683595378859,0.7248031258355832,0.0061253850899594
raw,turbidity_s1,confirmation,4,robots_instruments,0.5680542369676461,0.7245339141663464,0.7901239979616773,0.0008610275367119
raw,turbidity_s1,confirmation,5,reefs_invertebrates,0.543279417550378,0.7040583984625629,0.6949817805690753,0.0745687822286113
raw,turbidity_s1,confirmation,6,fish_vertebrates,0.5927725718144403,0.7443279502724874,0.7196034075706141,0.01094859647263
raw,turbidity_s1,confirmation,7,seafloor_rocks,0.1424707725665305,0.2494081704103007,0.1901920268878498,0.039245784668315
clean_global,turbidity_s1,confirmation,0,background_waterbody,0.7213679554061114,0.838133361482175,0.8728900176279751,0.0240992280583743
clean_global,turbidity_s1,confirmation,1,human_divers,0.6449964265260627,0.7841918877455307,0.7739035521117994,0.0043870948054037
clean_global,turbidity_s1,confirmation,2,aquatic_plants,0.0582656311021391,0.1101153233927817,0.0754330130181335,0.0109500612006305
clean_global,turbidity_s1,confirmation,3,wrecks_ruins,0.4844155217152258,0.6526683595378859,0.7248031258355832,0.0104197196247775
clean_global,turbidity_s1,confirmation,4,robots_instruments,0.5680542369676461,0.7245339141663464,0.7901239979616773,0.0038736269528188
clean_global,turbidity_s1,confirmation,5,reefs_invertebrates,0.543279417550378,0.7040583984625629,0.6949817805690753,0.0236050011783892
clean_global,turbidity_s1,confirmation,6,fish_vertebrates,0.5927725718144403,0.7443279502724874,0.7196034075706141,0.016689808300303
clean_global,turbidity_s1,confirmation,7,seafloor_rocks,0.1424707725665305,0.2494081704103007,0.1901920268878498,0.0200621548041227
pooled,turbidity_s1,confirmation,0,background_waterbody,0.7213679554061114,0.838133361482175,0.8728900176279751,0.0296069218099113
pooled,turbidity_s1,confirmation,1,human_divers,0.6449964265260627,0.7841918877455307,0.7739035521117994,0.0054927641898163
pooled,turbidity_s1,confirmation,2,aquatic_plants,0.0582656311021391,0.1101153233927817,0.0754330130181335,0.0097388184203356
pooled,turbidity_s1,confirmation,3,wrecks_ruins,0.4844155217152258,0.6526683595378859,0.7248031258355832,0.0116477770827124
pooled,turbidity_s1,confirmation,4,robots_instruments,0.5680542369676461,0.7245339141663464,0.7901239979616773,0.0046477193782745
pooled,turbidity_s1,confirmation,5,reefs_invertebrates,0.543279417550378,0.7040583984625629,0.6949817805690753,0.0239778586647685
pooled,turbidity_s1,confirmation,6,fish_vertebrates,0.5927725718144403,0.7443279502724874,0.7196034075706141,0.020110365372084
pooled,turbidity_s1,confirmation,7,seafloor_rocks,0.1424707725665305,0.2494081704103007,0.1901920268878498,0.0188409179278327
per_degradation,turbidity_s1,confirmation,0,background_waterbody,0.7213679554061114,0.838133361482175,0.8728900176279751,0.0253114227854523
per_degradation,turbidity_s1,confirmation,1,human_divers,0.6449964265260627,0.7841918877455307,0.7739035521117994,0.0046466774528838
per_degradation,turbidity_s1,confirmation,2,aquatic_plants,0.0582656311021391,0.1101153233927817,0.0754330130181335,0.0106632012657945
per_degradation,turbidity_s1,confirmation,3,wrecks_ruins,0.4844155217152258,0.6526683595378859,0.7248031258355832,0.0107082280357452
per_degradation,turbidity_s1,confirmation,4,robots_instruments,0.5680542369676461,0.7245339141663464,0.7901239979616773,0.0040499994859145
per_degradation,turbidity_s1,confirmation,5,reefs_invertebrates,0.543279417550378,0.7040583984625629,0.6949817805690753,0.02349889149785
per_degradation,turbidity_s1,confirmation,6,fish_vertebrates,0.5927725718144403,0.7443279502724874,0.7196034075706141,0.0175143569603024
per_degradation,turbidity_s1,confirmation,7,seafloor_rocks,0.1424707725665305,0.2494081704103007,0.1901920268878498,0.0197694741429299
raw,turbidity_s2,confirmation,0,background_waterbody,0.7213618290966639,0.838129226410487,0.8799401507097802,0.0856830114317346
raw,turbidity_s2,confirmation,1,human_divers,0.6072055137844612,0.7556040700167634,0.7154596483098108,0.0021991012106516
raw,turbidity_s2,confirmation,2,aquatic_plants,0.0540873700922786,0.102624073918168,0.0694440900332381,0.0211572414329706
raw,turbidity_s2,confirmation,3,wrecks_ruins,0.4972500201016429,0.6642177504434248,0.7134359609098044,0.0049296288181242
raw,turbidity_s2,confirmation,4,robots_instruments,0.5706287631548537,0.7266246188038178,0.7846501153405697,0.0007689875457053
raw,turbidity_s2,confirmation,5,reefs_invertebrates,0.5347541179719585,0.6968596620266295,0.6806464650907221,0.0775400225353628
raw,turbidity_s2,confirmation,6,fish_vertebrates,0.5906365751243617,0.74264176287809,0.7071244003603291,0.0105888670642938
raw,turbidity_s2,confirmation,7,seafloor_rocks,0.1425597362428197,0.2495444775808598,0.1908782897109964,0.0392584688426116
clean_global,turbidity_s2,confirmation,0,background_waterbody,0.7213618290966639,0.838129226410487,0.8799401507097802,0.0182448049027349
clean_global,turbidity_s2,confirmation,1,human_divers,0.6072055137844612,0.7556040700167634,0.7154596483098108,0.0040940374675351
clean_global,turbidity_s2,confirmation,2,aquatic_plants,0.0540873700922786,0.102624073918168,0.0694440900332381,0.0107508163121478
clean_global,turbidity_s2,confirmation,3,wrecks_ruins,0.4972500201016429,0.6642177504434248,0.7134359609098044,0.008919518876206
clean_global,turbidity_s2,confirmation,4,robots_instruments,0.5706287631548537,0.7266246188038178,0.7846501153405697,0.00370460897297
clean_global,turbidity_s2,confirmation,5,reefs_invertebrates,0.5347541179719585,0.6968596620266295,0.6806464650907221,0.0250442819359224
clean_global,turbidity_s2,confirmation,6,fish_vertebrates,0.5906365751243617,0.74264176287809,0.7071244003603291,0.0164899245430503
clean_global,turbidity_s2,confirmation,7,seafloor_rocks,0.1425597362428197,0.2495444775808598,0.1908782897109964,0.0195660808545906
pooled,turbidity_s2,confirmation,0,background_waterbody,0.7213618290966639,0.838129226410487,0.8799401507097802,0.0227454206334812
pooled,turbidity_s2,confirmation,1,human_divers,0.6072055137844612,0.7556040700167634,0.7154596483098108,0.0051442310501033
pooled,turbidity_s2,confirmation,2,aquatic_plants,0.0540873700922786,0.102624073918168,0.0694440900332381,0.0094480191716716
pooled,turbidity_s2,confirmation,3,wrecks_ruins,0.4972500201016429,0.6642177504434248,0.7134359609098044,0.0101259429327425
pooled,turbidity_s2,confirmation,4,robots_instruments,0.5706287631548537,0.7266246188038178,0.7846501153405697,0.0044709902196032
pooled,turbidity_s2,confirmation,5,reefs_invertebrates,0.5347541179719585,0.6968596620266295,0.6806464650907221,0.0249615649719903
pooled,turbidity_s2,confirmation,6,fish_vertebrates,0.5906365751243617,0.74264176287809,0.7071244003603291,0.0199033048034968
pooled,turbidity_s2,confirmation,7,seafloor_rocks,0.1425597362428197,0.2495444775808598,0.1908782897109964,0.0180295456923335
per_degradation,turbidity_s2,confirmation,0,background_waterbody,0.7213618290966639,0.838129226410487,0.8799401507097802,0.0192173970237828
per_degradation,turbidity_s2,confirmation,1,human_divers,0.6072055137844612,0.7556040700167634,0.7154596483098108,0.0043410066448592
per_degradation,turbidity_s2,confirmation,2,aquatic_plants,0.0540873700922786,0.102624073918168,0.0694440900332381,0.0104307798163338
per_degradation,turbidity_s2,confirmation,3,wrecks_ruins,0.4972500201016429,0.6642177504434248,0.7134359609098044,0.009202603936538
per_degradation,turbidity_s2,confirmation,4,robots_instruments,0.5706287631548537,0.7266246188038178,0.7846501153405697,0.0038779181532952
per_degradation,turbidity_s2,confirmation,5,reefs_invertebrates,0.5347541179719585,0.6968596620266295,0.6806464650907221,0.0249860618662935
per_degradation,turbidity_s2,confirmation,6,fish_vertebrates,0.5906365751243617,0.74264176287809,0.7071244003603291,0.0172930682948245
per_degradation,turbidity_s2,confirmation,7,seafloor_rocks,0.1425597362428197,0.2495444775808598,0.1908782897109964,0.0191896632156151
raw,turbidity_s3,confirmation,0,background_waterbody,0.7149295710279189,0.8337713491049014,0.8877139724045654,0.0907675866793913
raw,turbidity_s3,confirmation,1,human_divers,0.5673921310601662,0.7239951251718848,0.6625993544093027,0.0027530425545522
raw,turbidity_s3,confirmation,2,aquatic_plants,0.0506938807774395,0.0964960046020818,0.0624142860618677,0.0207737764310625
raw,turbidity_s3,confirmation,3,wrecks_ruins,0.5118999887411194,0.6771611780582815,0.6813851488308306,0.0033413022859928
raw,turbidity_s3,confirmation,4,robots_instruments,0.5295460289378909,0.6924224821211886,0.7347714832084952,0.0007450263205843
raw,turbidity_s3,confirmation,5,reefs_invertebrates,0.5178401693094835,0.6823382063278328,0.6625913266339443,0.0802475622377511
raw,turbidity_s3,confirmation,6,fish_vertebrates,0.5684704426440653,0.724872368886672,0.6699478724494352,0.010659693976602
raw,turbidity_s3,confirmation,7,seafloor_rocks,0.116814543948513,0.2091923759078452,0.1473230966226508,0.0389236328299832
clean_global,turbidity_s3,confirmation,0,background_waterbody,0.7149295710279189,0.8337713491049014,0.8877139724045654,0.0175126233415468
clean_global,turbidity_s3,confirmation,1,human_divers,0.5673921310601662,0.7239951251718848,0.6625993544093027,0.0040135288618248
clean_global,turbidity_s3,confirmation,2,aquatic_plants,0.0506938807774395,0.0964960046020818,0.0624142860618677,0.0099072400736635
clean_global,turbidity_s3,confirmation,3,wrecks_ruins,0.5118999887411194,0.6771611780582815,0.6813851488308306,0.0069129737502199
clean_global,turbidity_s3,confirmation,4,robots_instruments,0.5295460289378909,0.6924224821211886,0.7347714832084952,0.0038964241665254
clean_global,turbidity_s3,confirmation,5,reefs_invertebrates,0.5178401693094835,0.6823382063278328,0.6625913266339443,0.0228952128706535
clean_global,turbidity_s3,confirmation,6,fish_vertebrates,0.5684704426440653,0.724872368886672,0.6699478724494352,0.0153842126090744
clean_global,turbidity_s3,confirmation,7,seafloor_rocks,0.116814543948513,0.2091923759078452,0.1473230966226508,0.0198734923271021
pooled,turbidity_s3,confirmation,0,background_waterbody,0.7149295710279189,0.8337713491049014,0.8877139724045654,0.0224834621413596
pooled,turbidity_s3,confirmation,1,human_divers,0.5673921310601662,0.7239951251718848,0.6625993544093027,0.0049320777847627
pooled,turbidity_s3,confirmation,2,aquatic_plants,0.0506938807774395,0.0964960046020818,0.0624142860618677,0.0082746918237169
pooled,turbidity_s3,confirmation,3,wrecks_ruins,0.5118999887411194,0.6771611780582815,0.6813851488308306,0.0082554030968919
pooled,turbidity_s3,confirmation,4,robots_instruments,0.5295460289378909,0.6924224821211886,0.7347714832084952,0.0047114077415165
pooled,turbidity_s3,confirmation,5,reefs_invertebrates,0.5178401693094835,0.6823382063278328,0.6625913266339443,0.0229289934905106
pooled,turbidity_s3,confirmation,6,fish_vertebrates,0.5684704426440653,0.724872368886672,0.6699478724494352,0.0187491622932972
pooled,turbidity_s3,confirmation,7,seafloor_rocks,0.116814543948513,0.2091923759078452,0.1473230966226508,0.0184808800391931
per_degradation,turbidity_s3,confirmation,0,background_waterbody,0.7149295710279189,0.8337713491049014,0.8877139724045654,0.018250441654135
per_degradation,turbidity_s3,confirmation,1,human_divers,0.5673921310601662,0.7239951251718848,0.6625993544093027,0.0042278457742237
per_degradation,turbidity_s3,confirmation,2,aquatic_plants,0.0506938807774395,0.0964960046020818,0.0624142860618677,0.0094413430713835
per_degradation,turbidity_s3,confirmation,3,wrecks_ruins,0.5118999887411194,0.6771611780582815,0.6813851488308306,0.0072182999495939
per_degradation,turbidity_s3,confirmation,4,robots_instruments,0.5295460289378909,0.6924224821211886,0.7347714832084952,0.0040810528740683
per_degradation,turbidity_s3,confirmation,5,reefs_invertebrates,0.5178401693094835,0.6823382063278328,0.6625913266339443,0.0228270787360176
per_degradation,turbidity_s3,confirmation,6,fish_vertebrates,0.5684704426440653,0.724872368886672,0.6699478724494352,0.0162034724632876
per_degradation,turbidity_s3,confirmation,7,seafloor_rocks,0.116814543948513,0.2091923759078452,0.1473230966226508,0.0195148546161579
raw,lowlight_s1,confirmation,0,background_waterbody,0.7167237216480632,0.8349901764740629,0.8717079373051861,0.084195679689464
raw,lowlight_s1,confirmation,1,human_divers,0.625236646979372,0.769409978714697,0.7644707042208729,0.0015776204699835
raw,lowlight_s1,confirmation,2,aquatic_plants,0.0621753168434265,0.1170716657739689,0.0810676566706881,0.0203875074112061
raw,lowlight_s1,confirmation,3,wrecks_ruins,0.4476019505991839,0.6184047353817324,0.7346996644729465,0.007212823248024
raw,lowlight_s1,confirmation,4,robots_instruments,0.5186058822893896,0.6830025990779913,0.7890664810989408,0.0010841911525617
raw,lowlight_s1,confirmation,5,reefs_invertebrates,0.5358945728661543,0.6978272888432882,0.6823294934284485,0.0768432812932226
raw,lowlight_s1,confirmation,6,fish_vertebrates,0.5858722828459928,0.7388643955547183,0.7109406539338873,0.0108240432730802
raw,lowlight_s1,confirmation,7,seafloor_rocks,0.1434122337314887,0.2508495702612304,0.1915024941025096,0.0390731163040232
clean_global,lowlight_s1,confirmation,0,background_waterbody,0.7167237216480632,0.8349901764740629,0.8717079373051861,0.0267874539265338
clean_global,lowlight_s1,confirmation,1,human_divers,0.625236646979372,0.769409978714697,0.7644707042208729,0.0044477028316374
clean_global,lowlight_s1,confirmation,2,aquatic_plants,0.0621753168434265,0.1170716657739689,0.0810676566706881,0.0107211737593105
clean_global,lowlight_s1,confirmation,3,wrecks_ruins,0.4476019505991839,0.6184047353817324,0.7346996644729465,0.0118566697892879
clean_global,lowlight_s1,confirmation,4,robots_instruments,0.5186058822893896,0.6830025990779913,0.7890664810989408,0.0040381216372872
clean_global,lowlight_s1,confirmation,5,reefs_invertebrates,0.5358945728661543,0.6978272888432882,0.6823294934284485,0.026720583179864
clean_global,lowlight_s1,confirmation,6,fish_vertebrates,0.5858722828459928,0.7388643955547183,0.7109406539338873,0.0169497877631275
clean_global,lowlight_s1,confirmation,7,seafloor_rocks,0.1434122337314887,0.2508495702612304,0.1915024941025096,0.0223864568783151
pooled,lowlight_s1,confirmation,0,background_waterbody,0.7167237216480632,0.8349901764740629,0.8717079373051861,0.031017473397995
pooled,lowlight_s1,confirmation,1,human_divers,0.625236646979372,0.769409978714697,0.7644707042208729,0.0055326831978433
pooled,lowlight_s1,confirmation,2,aquatic_plants,0.0621753168434265,0.1170716657739689,0.0810676566706881,0.0096673520557448
pooled,lowlight_s1,confirmation,3,wrecks_ruins,0.4476019505991839,0.6184047353817324,0.7346996644729465,0.0131029729313201
pooled,lowlight_s1,confirmation,4,robots_instruments,0.5186058822893896,0.6830025990779913,0.7890664810989408,0.0048048205903172
pooled,lowlight_s1,confirmation,5,reefs_invertebrates,0.5358945728661543,0.6978272888432882,0.6823294934284485,0.0269288660897147
pooled,lowlight_s1,confirmation,6,fish_vertebrates,0.5858722828459928,0.7388643955547183,0.7109406539338873,0.0203131162799377
pooled,lowlight_s1,confirmation,7,seafloor_rocks,0.1434122337314887,0.2508495702612304,0.1915024941025096,0.0211461820536688
per_degradation,lowlight_s1,confirmation,0,background_waterbody,0.7167237216480632,0.8349901764740629,0.8717079373051861,0.0288154419058602
per_degradation,lowlight_s1,confirmation,1,human_divers,0.625236646979372,0.769409978714697,0.7644707042208729,0.005056046334897
per_degradation,lowlight_s1,confirmation,2,aquatic_plants,0.0621753168434265,0.1170716657739689,0.0810676566706881,0.0101160479156734
per_degradation,lowlight_s1,confirmation,3,wrecks_ruins,0.4476019505991839,0.6184047353817324,0.7346996644729465,0.0125558758758054
per_degradation,lowlight_s1,confirmation,4,robots_instruments,0.5186058822893896,0.6830025990779913,0.7890664810989408,0.0044591203790163
per_degradation,lowlight_s1,confirmation,5,reefs_invertebrates,0.5358945728661543,0.6978272888432882,0.6823294934284485,0.026805721334225
per_degradation,lowlight_s1,confirmation,6,fish_vertebrates,0.5858722828459928,0.7388643955547183,0.7109406539338873,0.0188658120317223
per_degradation,lowlight_s1,confirmation,7,seafloor_rocks,0.1434122337314887,0.2508495702612304,0.1915024941025096,0.0216765589000519
raw,lowlight_s2,confirmation,0,background_waterbody,0.7085515564328023,0.8294178232609509,0.8771540752105799,0.0909488749587806
raw,lowlight_s2,confirmation,1,human_divers,0.4682734576070547,0.6378559187063585,0.6398015069840556,0.0039743068764768
raw,lowlight_s2,confirmation,2,aquatic_plants,0.0543287202135494,0.1030584089610029,0.0693877139250767,0.0204286758197713
raw,lowlight_s2,confirmation,3,wrecks_ruins,0.444172848178846,0.6151242197067532,0.7348872663601784,0.0074473886466089
raw,lowlight_s2,confirmation,4,robots_instruments,0.502006389604991,0.6684477417396506,0.8205180188818814,0.0018781308615396
raw,lowlight_s2,confirmation,5,reefs_invertebrates,0.5153801538530131,0.6801991599831962,0.64628278351397,0.08168139876863
raw,lowlight_s2,confirmation,6,fish_vertebrates,0.5549571970248645,0.7137909623321811,0.6789752349896152,0.0116632305390603
raw,lowlight_s2,confirmation,7,seafloor_rocks,0.1350506286163128,0.237964061181917,0.1843246607537048,0.038558035881593
clean_global,lowlight_s2,confirmation,0,background_waterbody,0.7085515564328023,0.8294178232609509,0.8771540752105799,0.0247438738168932
clean_global,lowlight_s2,confirmation,1,human_divers,0.4682734576070547,0.6378559187063585,0.6398015069840556,0.0032244470849194
clean_global,lowlight_s2,confirmation,2,aquatic_plants,0.0543287202135494,0.1030584089610029,0.0693877139250767,0.0086009358881038
clean_global,lowlight_s2,confirmation,3,wrecks_ruins,0.444172848178846,0.6151242197067532,0.7348872663601784,0.0137560553791566
clean_global,lowlight_s2,confirmation,4,robots_instruments,0.502006389604991,0.6684477417396506,0.8205180188818814,0.0056678204085717
clean_global,lowlight_s2,confirmation,5,reefs_invertebrates,0.5153801538530131,0.6801991599831962,0.64628278351397,0.0361710773721928
clean_global,lowlight_s2,confirmation,6,fish_vertebrates,0.5549571970248645,0.7137909623321811,0.6789752349896152,0.0186198424114545
clean_global,lowlight_s2,confirmation,7,seafloor_rocks,0.1350506286163128,0.237964061181917,0.1843246607537048,0.0202168837143246
pooled,lowlight_s2,confirmation,0,background_waterbody,0.7085515564328023,0.8294178232609509,0.8771540752105799,0.0282421758555706
pooled,lowlight_s2,confirmation,1,human_divers,0.4682734576070547,0.6378559187063585,0.6398015069840556,0.0041882109222043
pooled,lowlight_s2,confirmation,2,aquatic_plants,0.0543287202135494,0.1030584089610029,0.0693877139250767,0.0072604830069603
pooled,lowlight_s2,confirmation,3,wrecks_ruins,0.444172848178846,0.6151242197067532,0.7348872663601784,0.0151308290393352
pooled,lowlight_s2,confirmation,4,robots_instruments,0.502006389604991,0.6684477417396506,0.8205180188818814,0.0065825179688511
pooled,lowlight_s2,confirmation,5,reefs_invertebrates,0.5153801538530131,0.6801991599831962,0.64628278351397,0.0369242408125131
pooled,lowlight_s2,confirmation,6,fish_vertebrates,0.5549571970248645,0.7137909623321811,0.6789752349896152,0.0222922924672468
pooled,lowlight_s2,confirmation,7,seafloor_rocks,0.1350506286163128,0.237964061181917,0.1843246607537048,0.0194129686635673
per_degradation,lowlight_s2,confirmation,0,background_waterbody,0.7085515564328023,0.8294178232609509,0.8771540752105799,0.0265584703650447
per_degradation,lowlight_s2,confirmation,1,human_divers,0.4682734576070547,0.6378559187063585,0.6398015069840556,0.0037553831903561
per_degradation,lowlight_s2,confirmation,2,aquatic_plants,0.0543287202135494,0.1030584089610029,0.0693877139250767,0.0078123585043284
per_degradation,lowlight_s2,confirmation,3,wrecks_ruins,0.444172848178846,0.6151242197067532,0.7348872663601784,0.0145296937397106
per_degradation,lowlight_s2,confirmation,4,robots_instruments,0.502006389604991,0.6684477417396506,0.8205180188818814,0.0061723666303684
per_degradation,lowlight_s2,confirmation,5,reefs_invertebrates,0.5153801538530131,0.6801991599831962,0.64628278351397,0.0364768675727719
per_degradation,lowlight_s2,confirmation,6,fish_vertebrates,0.5549571970248645,0.7137909623321811,0.6789752349896152,0.0207240910981855
per_degradation,lowlight_s2,confirmation,7,seafloor_rocks,0.1350506286163128,0.237964061181917,0.1843246607537048,0.0197173503149352
raw,lowlight_s3,confirmation,0,background_waterbody,0.6429161501281587,0.782652419696534,0.8533466200223272,0.1326093032824037
raw,lowlight_s3,confirmation,1,human_divers,0.0807080673419203,0.1493614599184546,0.1825531499237876,0.0182628855426528
raw,lowlight_s3,confirmation,2,aquatic_plants,0.0446355328059221,0.0854566619728696,0.0577665210184967,0.0220901687133044
raw,lowlight_s3,confirmation,3,wrecks_ruins,0.1721035566665841,0.2936661281978187,0.4498240423678377,0.019411423900478
raw,lowlight_s3,confirmation,4,robots_instruments,0.0745295767423662,0.1387203821198041,0.2484068755034164,0.0080081631409846
raw,lowlight_s3,confirmation,5,reefs_invertebrates,0.4300452843236044,0.6014428900089148,0.527498445676428,0.1016978183741683
raw,lowlight_s3,confirmation,6,fish_vertebrates,0.4209436065430013,0.5924846061514158,0.5096543170146843,0.0164445756044283
raw,lowlight_s3,confirmation,7,seafloor_rocks,0.0988313452913278,0.1798844667379327,0.135757473580562,0.0419314286204575
clean_global,lowlight_s3,confirmation,0,background_waterbody,0.6429161501281587,0.782652419696534,0.8533466200223272,0.0445133089447876
clean_global,lowlight_s3,confirmation,1,human_divers,0.0807080673419203,0.1493614599184546,0.1825531499237876,0.010054962469799
clean_global,lowlight_s3,confirmation,2,aquatic_plants,0.0446355328059221,0.0854566619728696,0.0577665210184967,0.0133012278861763
clean_global,lowlight_s3,confirmation,3,wrecks_ruins,0.1721035566665841,0.2936661281978187,0.4498240423678377,0.0274801320570129
clean_global,lowlight_s3,confirmation,4,robots_instruments,0.0745295767423662,0.1387203821198041,0.2484068755034164,0.0163495950826984
clean_global,lowlight_s3,confirmation,5,reefs_invertebrates,0.4300452843236044,0.6014428900089148,0.527498445676428,0.0666882885169748
clean_global,lowlight_s3,confirmation,6,fish_vertebrates,0.4209436065430013,0.5924846061514158,0.5096543170146843,0.0141998978666466
clean_global,lowlight_s3,confirmation,7,seafloor_rocks,0.0988313452913278,0.1798844667379327,0.135757473580562,0.0281780268312062
pooled,lowlight_s3,confirmation,0,background_waterbody,0.6429161501281587,0.782652419696534,0.8533466200223272,0.0442320979558388
pooled,lowlight_s3,confirmation,1,human_divers,0.0807080673419203,0.1493614599184546,0.1825531499237876,0.0097670949319256
pooled,lowlight_s3,confirmation,2,aquatic_plants,0.0446355328059221,0.0854566619728696,0.0577665210184967,0.0121688701331759
pooled,lowlight_s3,confirmation,3,wrecks_ruins,0.1721035566665841,0.2936661281978187,0.4498240423678377,0.0291516801790973
pooled,lowlight_s3,confirmation,4,robots_instruments,0.0745295767423662,0.1387203821198041,0.2484068755034164,0.0176785539932239
pooled,lowlight_s3,confirmation,5,reefs_invertebrates,0.4300452843236044,0.6014428900089148,0.527498445676428,0.0669173263232827
pooled,lowlight_s3,confirmation,6,fish_vertebrates,0.4209436065430013,0.5924846061514158,0.5096543170146843,0.0177559138505867
pooled,lowlight_s3,confirmation,7,seafloor_rocks,0.0988313452913278,0.1798844667379327,0.135757473580562,0.0275080031215875
per_degradation,lowlight_s3,confirmation,0,background_waterbody,0.6429161501281587,0.782652419696534,0.8533466200223272,0.0440976139689065
per_degradation,lowlight_s3,confirmation,1,human_divers,0.0807080673419203,0.1493614599184546,0.1825531499237876,0.0093992769817701
per_degradation,lowlight_s3,confirmation,2,aquatic_plants,0.0446355328059221,0.0854566619728696,0.0577665210184967,0.0126414462631929
per_degradation,lowlight_s3,confirmation,3,wrecks_ruins,0.1721035566665841,0.2936661281978187,0.4498240423678377,0.0284281982705278
per_degradation,lowlight_s3,confirmation,4,robots_instruments,0.0745295767423662,0.1387203821198041,0.2484068755034164,0.0171016895494637
per_degradation,lowlight_s3,confirmation,5,reefs_invertebrates,0.4300452843236044,0.6014428900089148,0.527498445676428,0.0667918516954076
per_degradation,lowlight_s3,confirmation,6,fish_vertebrates,0.4209436065430013,0.5924846061514158,0.5096543170146843,0.0162426434688956
per_degradation,lowlight_s3,confirmation,7,seafloor_rocks,0.0988313452913278,0.1798844667379327,0.135757473580562,0.0277656185092086
raw,blur_s1,confirmation,0,background_waterbody,0.7177904526834316,0.8357136361564257,0.878628557582734,0.0901675724757108
raw,blur_s1,confirmation,1,human_divers,0.6502628550384385,0.788071855405474,0.8021986883741428,0.0015229390496548
raw,blur_s1,confirmation,2,aquatic_plants,0.0413555868249701,0.0794264463516459,0.0496198766728126,0.0206888954088811
raw,blur_s1,confirmation,3,wrecks_ruins,0.4597057426259837,0.6298608400333913,0.6906638950464477,0.005563185227467
raw,blur_s1,confirmation,4,robots_instruments,0.6285143243401123,0.7718867619967563,0.8253617748749336,0.0008296028166155
raw,blur_s1,confirmation,5,reefs_invertebrates,0.5353999316806765,0.6974077836445102,0.6728777433332453,0.0785392460378558
raw,blur_s1,confirmation,6,fish_vertebrates,0.57400725195628,0.72935782378749,0.6985573256965738,0.012076876949638
raw,blur_s1,confirmation,7,seafloor_rocks,0.1407711271142759,0.2467999474537441,0.1989329569834224,0.042081948416949
clean_global,blur_s1,confirmation,0,background_waterbody,0.7177904526834316,0.8357136361564257,0.878628557582734,0.0199867993744343
clean_global,blur_s1,confirmation,1,human_divers,0.6502628550384385,0.788071855405474,0.8021986883741428,0.0039774236303831
clean_global,blur_s1,confirmation,2,aquatic_plants,0.0413555868249701,0.0794264463516459,0.0496198766728126,0.0118853514954793
clean_global,blur_s1,confirmation,3,wrecks_ruins,0.4597057426259837,0.6298608400333913,0.6906638950464477,0.0083693923994165
clean_global,blur_s1,confirmation,4,robots_instruments,0.6285143243401123,0.7718867619967563,0.8253617748749336,0.0037415746085381
clean_global,blur_s1,confirmation,5,reefs_invertebrates,0.5353999316806765,0.6974077836445102,0.6728777433332453,0.0309918792556626
clean_global,blur_s1,confirmation,6,fish_vertebrates,0.57400725195628,0.72935782378749,0.6985573256965738,0.0146601239034222
clean_global,blur_s1,confirmation,7,seafloor_rocks,0.1407711271142759,0.2467999474537441,0.1989329569834224,0.0246616041102051
pooled,blur_s1,confirmation,0,background_waterbody,0.7177904526834316,0.8357136361564257,0.878628557582734,0.0223886771595017
pooled,blur_s1,confirmation,1,human_divers,0.6502628550384385,0.788071855405474,0.8021986883741428,0.0049812641781324
pooled,blur_s1,confirmation,2,aquatic_plants,0.0413555868249701,0.0794264463516459,0.0496198766728126,0.0107042603835017
pooled,blur_s1,confirmation,3,wrecks_ruins,0.4597057426259837,0.6298608400333913,0.6906638950464477,0.0094603092526089
pooled,blur_s1,confirmation,4,robots_instruments,0.6285143243401123,0.7718867619967563,0.8253617748749336,0.0045133171978425
pooled,blur_s1,confirmation,5,reefs_invertebrates,0.5353999316806765,0.6974077836445102,0.6728777433332453,0.0303799464845741
pooled,blur_s1,confirmation,6,fish_vertebrates,0.57400725195628,0.72935782378749,0.6985573256965738,0.0179629455167811
pooled,blur_s1,confirmation,7,seafloor_rocks,0.1407711271142759,0.2467999474537441,0.1989329569834224,0.0236539813724334
per_degradation,blur_s1,confirmation,0,background_waterbody,0.7177904526834316,0.8357136361564257,0.878628557582734,0.0385198249786691
per_degradation,blur_s1,confirmation,1,human_divers,0.6502628550384385,0.788071855405474,0.8021986883741428,0.0075193556672736
per_degradation,blur_s1,confirmation,2,aquatic_plants,0.0413555868249701,0.0794264463516459,0.0496198766728126,0.0080835068975765
per_degradation,blur_s1,confirmation,3,wrecks_ruins,0.4597057426259837,0.6298608400333913,0.6906638950464477,0.0123426077093596
per_degradation,blur_s1,confirmation,4,robots_instruments,0.6285143243401123,0.7718867619967563,0.8253617748749336,0.0065534972944181
per_degradation,blur_s1,confirmation,5,reefs_invertebrates,0.5353999316806765,0.6974077836445102,0.6728777433332453,0.0314243061122061
per_degradation,blur_s1,confirmation,6,fish_vertebrates,0.57400725195628,0.72935782378749,0.6985573256965738,0.0255312110837157
per_degradation,blur_s1,confirmation,7,seafloor_rocks,0.1407711271142759,0.2467999474537441,0.1989329569834224,0.0239732326864461
raw,blur_s2,confirmation,0,background_waterbody,0.7009118578887982,0.824160116984289,0.8830226916814753,0.1146111849726238
raw,blur_s2,confirmation,1,human_divers,0.5698654183167575,0.7260054418267001,0.6696106692835578,0.002992803915329
raw,blur_s2,confirmation,2,aquatic_plants,0.0335567769522711,0.0649345593789682,0.039100688322609,0.0216768029960847
raw,blur_s2,confirmation,3,wrecks_ruins,0.4800599657541546,0.6487033996754898,0.5827906535445975,0.0042854025035514
raw,blur_s2,confirmation,4,robots_instruments,0.5742044841055607,0.7295170226018192,0.792584231492085,0.0008311009345647
raw,blur_s2,confirmation,5,reefs_invertebrates,0.4896496033296965,0.6574023880988137,0.6137397196945682,0.0973974711231222
raw,blur_s2,confirmation,6,fish_vertebrates,0.516154114373846,0.6808728868397546,0.6146524219537358,0.016820720891132
raw,blur_s2,confirmation,7,seafloor_rocks,0.1524691248328171,0.2645955914088979,0.2373817754555282,0.0459157720851567
clean_global,blur_s2,confirmation,0,background_waterbody,0.7009118578887982,0.824160116984289,0.8830226916814753,0.0270964383729675
clean_global,blur_s2,confirmation,1,human_divers,0.5698654183167575,0.7260054418267001,0.6696106692835578,0.0033700364365815
clean_global,blur_s2,confirmation,2,aquatic_plants,0.0335567769522711,0.0649345593789682,0.039100688322609,0.0138357861104897
clean_global,blur_s2,confirmation,3,wrecks_ruins,0.4800599657541546,0.6487033996754898,0.5827906535445975,0.0039754324039509
clean_global,blur_s2,confirmation,4,robots_instruments,0.5742044841055607,0.7295170226018192,0.792584231492085,0.0033640516280774
clean_global,blur_s2,confirmation,5,reefs_invertebrates,0.4896496033296965,0.6574023880988137,0.6137397196945682,0.0447766826972165
clean_global,blur_s2,confirmation,6,fish_vertebrates,0.516154114373846,0.6808728868397546,0.6146524219537358,0.0077579585202529
clean_global,blur_s2,confirmation,7,seafloor_rocks,0.1524691248328171,0.2645955914088979,0.2373817754555282,0.0355714731618111
pooled,blur_s2,confirmation,0,background_waterbody,0.7009118578887982,0.824160116984289,0.8830226916814753,0.0166077509426138
pooled,blur_s2,confirmation,1,human_divers,0.5698654183167575,0.7260054418267001,0.6696106692835578,0.0041669409088864
pooled,blur_s2,confirmation,2,aquatic_plants,0.0335567769522711,0.0649345593789682,0.039100688322609,0.0125612677849758
pooled,blur_s2,confirmation,3,wrecks_ruins,0.4800599657541546,0.6487033996754898,0.5827906535445975,0.0052335398008573
pooled,blur_s2,confirmation,4,robots_instruments,0.5742044841055607,0.7295170226018192,0.792584231492085,0.0040379073101106
pooled,blur_s2,confirmation,5,reefs_invertebrates,0.4896496033296965,0.6574023880988137,0.6137397196945682,0.0418942248433323
pooled,blur_s2,confirmation,6,fish_vertebrates,0.516154114373846,0.6808728868397546,0.6146524219537358,0.0110868566125252
pooled,blur_s2,confirmation,7,seafloor_rocks,0.1524691248328171,0.2645955914088979,0.2373817754555282,0.0351927587344617
per_degradation,blur_s2,confirmation,0,background_waterbody,0.7009118578887982,0.824160116984289,0.8830226916814753,0.0162893111141464
per_degradation,blur_s2,confirmation,1,human_divers,0.5698654183167575,0.7260054418267001,0.6696106692835578,0.0062893175489306
per_degradation,blur_s2,confirmation,2,aquatic_plants,0.0335567769522711,0.0649345593789682,0.039100688322609,0.0096935003048931
per_degradation,blur_s2,confirmation,3,wrecks_ruins,0.4800599657541546,0.6487033996754898,0.5827906535445975,0.0083541360051427
per_degradation,blur_s2,confirmation,4,robots_instruments,0.5742044841055607,0.7295170226018192,0.792584231492085,0.0058175764638857
per_degradation,blur_s2,confirmation,5,reefs_invertebrates,0.4896496033296965,0.6574023880988137,0.6137397196945682,0.0396951692317274
per_degradation,blur_s2,confirmation,6,fish_vertebrates,0.516154114373846,0.6808728868397546,0.6146524219537358,0.0185674115164992
per_degradation,blur_s2,confirmation,7,seafloor_rocks,0.1524691248328171,0.2645955914088979,0.2373817754555282,0.0349194557293754
raw,blur_s3,confirmation,0,background_waterbody,0.6731064644060597,0.8046188078593163,0.8661678474199177,0.135414983775219
raw,blur_s3,confirmation,1,human_divers,0.48400068378243,0.6522917261046081,0.5531203928971393,0.0046520485913269
raw,blur_s3,confirmation,2,aquatic_plants,0.0142713994131572,0.0281411847389455,0.0162529352665788,0.0221082601580198
raw,blur_s3,confirmation,3,wrecks_ruins,0.4390410238804331,0.6101855563457684,0.508775240001035,0.0049106270622333
raw,blur_s3,confirmation,4,robots_instruments,0.5492268953849786,0.7090335147434904,0.7649024947535109,0.0008380281586416
raw,blur_s3,confirmation,5,reefs_invertebrates,0.4450857118809792,0.6159990486676925,0.5845729225396602,0.1148084612201626
raw,blur_s3,confirmation,6,fish_vertebrates,0.4305420349362094,0.6019285339705633,0.496323869825568,0.0231490875700487
raw,blur_s3,confirmation,7,seafloor_rocks,0.1366519063374912,0.2404463593041597,0.2168649993807085,0.0492048994112887
clean_global,blur_s3,confirmation,0,background_waterbody,0.6731064644060597,0.8046188078593163,0.8661678474199177,0.0445652908993705
clean_global,blur_s3,confirmation,1,human_divers,0.48400068378243,0.6522917261046081,0.5531203928971393,0.0030327449151547
clean_global,blur_s3,confirmation,2,aquatic_plants,0.0142713994131572,0.0281411847389455,0.0162529352665788,0.0150500620704543
clean_global,blur_s3,confirmation,3,wrecks_ruins,0.4390410238804331,0.6101855563457684,0.508775240001035,0.0015035933194483
clean_global,blur_s3,confirmation,4,robots_instruments,0.5492268953849786,0.7090335147434904,0.7649024947535109,0.0031119123173176
clean_global,blur_s3,confirmation,5,reefs_invertebrates,0.4450857118809792,0.6159990486676925,0.5845729225396602,0.0515702841253389
clean_global,blur_s3,confirmation,6,fish_vertebrates,0.4305420349362094,0.6019285339705633,0.496323869825568,0.0075969005569141
clean_global,blur_s3,confirmation,7,seafloor_rocks,0.1366519063374912,0.2404463593041597,0.2168649993807085,0.035986611155878
pooled,blur_s3,confirmation,0,background_waterbody,0.6731064644060597,0.8046188078593163,0.8661678474199177,0.0329849022806218
pooled,blur_s3,confirmation,1,human_divers,0.48400068378243,0.6522917261046081,0.5531203928971393,0.0037290178630348
pooled,blur_s3,confirmation,2,aquatic_plants,0.0142713994131572,0.0281411847389455,0.0162529352665788,0.0138434551318555
pooled,blur_s3,confirmation,3,wrecks_ruins,0.4390410238804331,0.6101855563457684,0.508775240001035,0.0025757086230154
pooled,blur_s3,confirmation,4,robots_instruments,0.5492268953849786,0.7090335147434904,0.7649024947535109,0.0037300433463798
pooled,blur_s3,confirmation,5,reefs_invertebrates,0.4450857118809792,0.6159990486676925,0.5845729225396602,0.0453047203872225
pooled,blur_s3,confirmation,6,fish_vertebrates,0.4305420349362094,0.6019285339705633,0.496323869825568,0.0079252691773872
pooled,blur_s3,confirmation,7,seafloor_rocks,0.1366519063374912,0.2404463593041597,0.2168649993807085,0.03557112028318
per_degradation,blur_s3,confirmation,0,background_waterbody,0.6731064644060597,0.8046188078593163,0.8661678474199177,0.0165354353994552
per_degradation,blur_s3,confirmation,1,human_divers,0.48400068378243,0.6522917261046081,0.5531203928971393,0.0054297792626554
per_degradation,blur_s3,confirmation,2,aquatic_plants,0.0142713994131572,0.0281411847389455,0.0162529352665788,0.0109086472712438
per_degradation,blur_s3,confirmation,3,wrecks_ruins,0.4390410238804331,0.6101855563457684,0.508775240001035,0.005230412897468
per_degradation,blur_s3,confirmation,4,robots_instruments,0.5492268953849786,0.7090335147434904,0.7649024947535109,0.0053284619776761
per_degradation,blur_s3,confirmation,5,reefs_invertebrates,0.4450857118809792,0.6159990486676925,0.5845729225396602,0.0352550013669707
per_degradation,blur_s3,confirmation,6,fish_vertebrates,0.4305420349362094,0.6019285339705633,0.496323869825568,0.0155120987042645
per_degradation,blur_s3,confirmation,7,seafloor_rocks,0.1366519063374912,0.2404463593041597,0.2168649993807085,0.035571456155391
