split,condition,degradation_type,severity,boundary_radius,score,region,pixels,error_rate,error_auroc,error_auprc,aurc,oracle_aurc,eaurc,unique_score_count,tie_group_count,largest_tie_group,tied_pixel_fraction,score_dtype,sort_seconds,metric_seconds,risk_at_90_coverage,risk_at_80_coverage,risk_at_70_coverage,top_5_uncertainty_precision,top_5_uncertainty_recall,top_10_uncertainty_precision,top_10_uncertainty_recall,top_20_uncertainty_precision,top_20_uncertainty_recall,peak_process_rss_mb
confirmation,clean,clean,0,3,raw_msp,full,75350016.0,0.24205551595370597,0.761721981152098,0.48086217612541515,0.11040503233194245,0.031994888791908614,0.07841014354003384,7974038.0,6685187.0,822098.0,0.9828951462996371,float32,6.446216900018044,0.9302397000137717,0.20662571555871512,0.17434798827929915,0.1455403755931055,0.5963373776587362,0.12318195000970542,0.560923805992354,0.2317335482148664,0.5128856369248475,0.4237752336532377,7184.40234375
confirmation,clean,clean,0,3,raw_msp,boundary,7003338.0,0.4683101115496639,0.5753255867637718,0.5397263159392183,0.41903186023018935,0.13244433336848155,0.2865875268617078,4171049.0,1586878.0,3425.0,0.6310086704368688,float32,6.446216900018044,0.4774599000811577,0.4541964110769387,0.44301334131524056,0.43250984173466656,0.6323696978870083,0.06751614612648464,0.5953336193873209,0.12712383839665045,0.5694968400791622,0.2432136264709272,7184.40234375
confirmation,clean,clean,0,3,raw_msp,interior,68346678.0,0.21887169117422212,0.7694474525098969,0.46792774569614365,0.09565674520237862,0.02592061428683719,0.06973613091554143,7685850.0,6160565.0,818673.0,0.9776831143131784,float32,6.446216900018044,0.8915490000508726,0.18181782416445463,0.14977362134562147,0.12319733674710168,0.5906092292997992,0.134921342137486,0.5523564568169222,0.25236542470018186,0.4952639738072622,0.45256102846642904,7184.40234375
confirmation,clean,clean,0,3,calibrated_msp,full,75350016.0,0.24205551595370597,0.7621168798775455,0.4821800361577402,0.11024903897971126,0.031994888791908614,0.07825415018780266,9524756.0,8593950.0,10923.0,0.9876469037511552,float32,5.886927000014111,1.0832226000493392,0.20629649151691062,0.1744573722415532,0.14530522810384422,0.6010254542732703,0.12415033877889588,0.5638867337615393,0.23295761779031068,0.5124480834024109,0.4234137020897529,7184.40234375
confirmation,clean,clean,0,3,calibrated_msp,boundary,7003338.0,0.4683101115496639,0.5766306127340775,0.5429031337730107,0.41844150121765666,0.13244433336848155,0.2859971678491751,4503157.0,1549163.0,65.0,0.5782019945346062,float32,5.886927000014111,0.5093038999475539,0.45308520829879295,0.4417317204597593,0.4309428339993762,0.6389294251028795,0.06821650780215713,0.6053340263360054,0.1292592630987757,0.5746236795586106,0.2454031333028837,7184.40234375
confirmation,clean,clean,0,3,calibrated_msp,interior,68346678.0,0.21887169117422212,0.7698101099452124,0.46876548521545147,0.09550396669196964,0.02592061428683719,0.06958335240513246,9321002.0,8264560.0,10923.0,0.9845428917554705,float32,5.886927000014111,1.0736292999936268,0.181635659199415,0.1499978623948236,0.12310363080659684,0.5948233915678126,0.13588404370220689,0.5539959902465879,0.2531145090010555,0.49436700091775804,0.4517413949076624,7184.40234375
confirmation,clean,clean,0,3,entropy,full,75350016.0,0.24205551595370597,0.7393755517563811,0.4396009770462134,0.11622482056695445,0.031994888791908614,0.08422993177504584,29783751.0,15685817.0,83.0,0.8129007165705181,float32,5.761736299959011,3.9236837999196723,0.2138600279009007,0.18708672474904742,0.16230888334995544,0.5347635828984078,0.11046300869857541,0.49581495355497796,0.20483523291013678,0.46193066703897356,0.3816733444315983,7184.40234375
confirmation,clean,clean,0,3,entropy,boundary,7003338.0,0.4683101115496639,0.5551586869579395,0.5236337475280406,0.4294004097714161,0.13244433336848155,0.29695607640293453,5192934.0,1189673.0,64.0,0.428378153389141,float32,5.761736299959011,0.5816965999547392,0.456423245737549,0.44940154437053326,0.44286163925491046,0.6059708653299711,0.06469762486835823,0.5752912181901778,0.12284410869905914,0.5439440324188173,0.23230085122756908,7184.40234375
confirmation,clean,clean,0,3,entropy,interior,68346678.0,0.21887169117422212,0.747401168413701,0.42183136709744384,0.10076148401606444,0.02592061428683719,0.07484086972922725,29146285.0,14763979.0,83.0,0.7895683240083738,float32,5.761736299959011,3.4391721999272704,0.189911641809272,0.16328112359080799,0.13927102947316386,0.5154345463451919,0.11774811047122788,0.4795120991977957,0.21908366068586904,0.441233965814677,0.40318962800456243,7184.40234375
confirmation,clean,clean,0,3,probability_margin,full,75350016.0,0.24205551595370597,0.7603611844437824,0.4691648998098568,0.11073838094681443,0.031994888791908614,0.07874349215490581,15930834.0,13974904.0,7543.0,0.9740420758503887,float32,5.916549000074156,1.8186250999569893,0.2078151461000193,0.17513366329234203,0.14587841974516946,0.5689223560802094,0.11751898816273959,0.5502188320587041,0.22731101958140318,0.5097429303933828,0.4211785510815435,7184.40234375
confirmation,clean,clean,0,3,probability_margin,boundary,7003338.0,0.4683101115496639,0.5719825597753676,0.5288733906307524,0.4202454632469536,0.13244433336848155,0.28780112987847206,5028359.0,1281941.0,64.0,0.4650525220973199,float32,5.916549000074156,0.5657203000737354,0.45675594418852594,0.44505468909382684,0.434096635951384,0.5786738898868254,0.06178321168728927,0.5722969326064421,0.12220472757851704,0.5613321643672876,0.23972675832857177,7184.40234375
confirmation,clean,clean,0,3,probability_margin,interior,68346678.0,0.21887169117422212,0.7681708068790416,0.4559620015685306,0.0959548088668637,0.02592061428683719,0.07003419458002651,15600869.0,13233682.0,7543.0,0.965365002816962,float32,5.916549000074156,1.7889731000177562,0.18284418631671787,0.15038988818458132,0.12347993083580716,0.5658612825085286,0.12926781349184677,0.5431192561218776,0.24814505206277393,0.49279891868924725,0.45030851679904604,7184.40234375
confirmation,clean,clean,0,3,logit_margin,full,75350016.0,0.24205551595370597,0.7567111530383748,0.4627037166594801,0.11200144128017496,0.031994888791908614,0.08000655248826635,29979599.0,17498951.0,228.0,0.8343643616479126,float32,5.991592500009574,3.563535700086504,0.20878848142996062,0.17682394577453062,0.14792927717980234,0.5591015370666125,0.115490358594798,0.5414587812982664,0.2236919939248486,0.5029817842118688,0.4155921082245863,7184.40234375
confirmation,clean,clean,0,3,logit_margin,boundary,7003338.0,0.4683101115496639,0.5678665609844422,0.524590649176182,0.42250564870858154,0.13244433336848155,0.2900613153401,5577232.0,875431.0,112.0,0.3286342883921924,float32,5.991592500009574,0.6260401998879388,0.4575368415541476,0.44674830094431744,0.43648406872069384,0.5702602853305236,0.060884917293089466,0.565270285321004,0.1207043010195339,0.5545571827156757,0.2368333834390228,7184.40234375
confirmation,clean,clean,0,3,logit_margin,interior,68346678.0,0.21887169117422212,0.7645532904858313,0.4491658522684531,0.0971137354097256,0.02592061428683719,0.0711931211228884,28471522.0,16115253.0,222.0,0.8192118569391186,float32,5.991592500009574,3.2116907000308856,0.18387051676785532,0.15206877066673363,0.12538186880227747,0.5554581436874476,0.12689127519452473,0.5338823334213162,0.2439248064379046,0.48608337669071855,0.444172006262654,7184.40234375
confirmation,clean,clean,0,3,energy,full,75350016.0,0.24205551595370597,0.6939730327445226,0.3889144702645403,0.13280315688428218,0.031994888791908614,0.10080826809237356,16642304.0,11975365.0,94.0,0.9380631982878411,float32,5.713169099995866,1.928654900053516,0.21889811570490694,0.19975070136431458,0.18076440013977918,0.4852380928366044,0.100232815741443,0.4504721432058014,0.18610283072645825,0.4112747913006526,0.339818583776521,7184.40234375
confirmation,clean,clean,0,3,energy,boundary,7003338.0,0.4683101115496639,0.5395757707236097,0.5063623221597107,0.44065924229613035,0.13244433336848155,0.3082149089276488,4639386.0,1448406.0,68.0,0.544362988049413,float32,5.713169099995866,0.5402866000076756,0.4595362053496705,0.45347799290731156,0.4492261547910721,0.5696681868936821,0.06082170078427092,0.5472760140161694,0.1168619162407683,0.5276389551271251,0.22533748163723033,7184.40234375
confirmation,clean,clean,0,3,energy,interior,68346678.0,0.21887169117422212,0.702101028313751,0.36860871330285977,0.1147636128129097,0.02592061428683719,0.08884299852607251,16323846.0,11506118.0,92.0,0.9295104291681887,float32,5.713169099995866,1.8629703000187874,0.19563481675147965,0.1771130189284122,0.1584780763199382,0.46788710146564544,0.1068861652795449,0.42800358408045575,0.19555000206228257,0.3859063715415918,0.35263252251934696,7184.40234375
confirmation,clean,clean,0,3,local_disagreement,full,75350016.0,0.24205551595370597,0.522461913255339,0.26131562199599695,0.2337029878831155,0.031994888791908614,0.20170809909120688,9.0,9.0,73307051.0,1.0,float32,1.5400876998901367,0.0001832999987527728,0.2335903813672712,0.2335903813672712,0.2335903813672712,0.40289306410843373,0.08322328121894654,0.31824172273785245,0.13147469016684865,0.2759160520525618,0.22797750806265288,7184.40234375
confirmation,clean,clean,0,3,local_disagreement,boundary,7003338.0,0.4683101115496639,0.5137274137738858,0.4772732179140294,0.4611438350432605,0.13244433336848155,0.32869950167477896,9.0,9.0,6281458.0,1.0,float32,0.14297859999351203,0.0001433000434190035,0.4609690180058494,0.46079079092783876,0.46079079092783876,0.5469788770850788,0.058399233734275635,0.5343800066688899,0.11410818303876177,0.4983873833002009,0.21284508420265966,7184.40234375
confirmation,clean,clean,0,3,local_disagreement,interior,68346678.0,0.21887169117422212,0.5188634126417629,0.23570223117395844,0.21236010787167747,0.02592061428683719,0.18643949358484027,9.0,9.0,67025593.0,1.0,float32,1.3865617000265047,0.0002280999906361103,0.21229777109170822,0.21229777109170822,0.21229777109170822,0.34377616889458945,0.07853372382468599,0.2780369699931487,0.1270319503804215,0.24516737054242846,0.22402840349189268,7184.40234375
confirmation,color_s1,color_attenuation,1,3,raw_msp,full,75350016.0,0.2434240757161883,0.7583492263966974,0.47811637470365376,0.11308438408649438,0.03237541476728932,0.08070896931920506,7984613.0,6690072.0,618420.0,0.9828196320489169,float32,6.4556886000791565,0.9602974000154063,0.2084578540607858,0.176637741158638,0.1480468775575088,0.5916158217343537,0.12151958498764144,0.5581200907445014,0.22927893172873984,0.5105694397957692,0.41948970363550164,7184.40234375
confirmation,color_s1,color_attenuation,1,3,raw_msp,boundary,7003338.0,0.46814561856074915,0.573996783468454,0.5386135342327267,0.4200751290740799,0.1323404494328445,0.2877346796412354,4163170.0,1582564.0,3607.0,0.6315177134103765,float32,6.4556886000791565,0.4970006999792531,0.4542374629244305,0.44341011635343214,0.43281785809502693,0.6290370023445956,0.06718392280565195,0.5933183309677954,0.12673802271835813,0.5670879894450362,0.2422699813516941,7184.40234375
confirmation,color_s1,color_attenuation,1,3,raw_msp,interior,68346678.0,0.22039733957515828,0.7660338132447833,0.4649612501835937,0.09822069907506602,0.02629896449962709,0.07192173457543893,7694487.0,6165206.0,614813.0,0.977624647682218,float32,6.4556886000791565,0.9561383000109345,0.18378967754227163,0.15212535108006253,0.1260678045280704,0.5857320355575428,0.13288092629127,0.5498663578099184,0.249488662141003,0.49348527243752,0.4478141957878639,7184.40234375
confirmation,color_s1,color_attenuation,1,3,calibrated_msp,full,75350016.0,0.2434240757161883,0.7578155114767274,0.4773714428415197,0.11311363898396647,0.03237541476728932,0.08073822421667715,9538872.0,8629390.0,7028.0,0.9879299030274924,float32,6.382960699964315,1.1798597000306472,0.2084151296413802,0.17690947163531634,0.14831628818285225,0.5939506054543847,0.12199915625377548,0.5585046010225725,0.22943689075450657,0.5094824792349093,0.4185966443804844,7184.40234375
confirmation,color_s1,color_attenuation,1,3,calibrated_msp,boundary,7003338.0,0.46814561856074915,0.5750133879610002,0.5410993315171001,0.41974070703334526,0.1323404494328445,0.28740025760050075,4517883.0,1544989.0,64.0,0.5755032814352242,float32,6.382960699964315,0.5288309999741614,0.4530840448325838,0.44232099296924626,0.4316904366223701,0.6314615597700526,0.06744287621904836,0.6036990921474611,0.12895544476240034,0.5714444822042054,0.24413115182112266,7184.40234375
confirmation,color_s1,color_attenuation,1,3,calibrated_msp,interior,68346678.0,0.22039733957515828,0.7654467435343474,0.46351338162813205,0.0982309913863119,0.02629896449962709,0.07193202688668482,9337896.0,8306619.0,7028.0,0.9849110881438891,float32,6.382960699964315,1.145526900072582,0.18392885206481985,0.15260952603347971,0.12631907949684393,0.5868169163447297,0.13312704560038335,0.5486137940946281,0.2489203414188209,0.491548601921849,0.4460567602615766,7184.40234375
confirmation,color_s1,color_attenuation,1,3,entropy,full,75350016.0,0.2434240757161883,0.7349629407766419,0.4342023736357556,0.119193195124939,0.03237541476728932,0.08681778035764968,29438623.0,15772118.0,133.0,0.8186263822425731,float32,6.099194300011732,3.960449400008656,0.21597031276922965,0.18930772709023802,0.16470515543725728,0.5207611092870313,0.10696582402537388,0.490507978630928,0.20150348860386494,0.45988945988335506,0.37785045127011174,7184.40234375
confirmation,color_s1,color_attenuation,1,3,entropy,boundary,7003338.0,0.46814561856074915,0.5546424309626756,0.5226399179710708,0.4305807280010927,0.1323404494328445,0.2982402785682482,5196420.0,1186969.0,64.0,0.4274942891518302,float32,6.099194300011732,0.6060756000224501,0.45679195875618056,0.4489642529429267,0.44205488117197983,0.5966810122027489,0.06372816052793555,0.5703284840824929,0.12182718887965244,0.5448707331073459,0.23277837796950024,7184.40234375
confirmation,color_s1,color_attenuation,1,3,entropy,interior,68346678.0,0.22039733957515828,0.7429500518920288,0.4158717499632332,0.10356592806110786,0.02629896449962709,0.07726696356148077,28814107.0,14865435.0,131.0,0.7959129483952387,float32,6.099194300011732,3.762207599938847,0.19224039025483983,0.1656001462982574,0.142136032318427,0.5020791061102017,0.11390317182824146,0.473809944633253,0.21497989014362776,0.4395861169359897,0.39890329951057174,7184.40234375
confirmation,color_s1,color_attenuation,1,3,probability_margin,full,75350016.0,0.2434240757161883,0.7569739074855487,0.46691788296105424,0.11336818332950009,0.03237541476728932,0.08099276856221077,15943074.0,14013701.0,5369.0,0.9743945243488734,float32,6.546268200036138,1.9891077000647783,0.20957085487139782,0.1773759114816382,0.14835390185015662,0.5673015083473103,0.11652535534822578,0.5481030617731311,0.22516387882213693,0.507616753120968,0.41706374242122235,7184.40234375
confirmation,color_s1,color_attenuation,1,3,probability_margin,boundary,7003338.0,0.46814561856074915,0.5708613066170882,0.5279276576456885,0.4212565378951133,0.1323404494328445,0.2889160884622688,5038787.0,1277837.0,64.0,0.4629775115809061,float32,6.546268200036138,0.579153300030157,0.4565542943405566,0.4453059977999779,0.43441423957594105,0.5787210102608185,0.061809953205379645,0.572466851530841,0.12228396300595806,0.5595044650124084,0.23903016609009628,7184.40234375
confirmation,color_s1,color_attenuation,1,3,probability_margin,interior,68346678.0,0.22039733957515828,0.7647387135156158,0.4535649853463975,0.09847464380486885,0.02629896449962709,0.07217567930524177,15616007.0,13277846.0,5369.0,0.9657896906123221,float32,6.546268200036138,1.8521238999674097,0.18481666938185454,0.15268731275820355,0.12636053063504496,0.5637143457443724,0.12788592714565725,0.540623443596675,0.24529491166219425,0.491237446667908,0.4457744018051215,7184.40234375
confirmation,color_s1,color_attenuation,1,3,logit_margin,full,75350016.0,0.2434240757161883,0.7539696982819242,0.4612115947671618,0.11451171676380885,0.03237541476728932,0.08213630199651953,29978257.0,17657797.0,233.0,0.8364902802409491,float32,6.469674799940549,3.710611400078051,0.21050920491411657,0.17890974243817764,0.1501609005226883,0.5579674696834852,0.11460811706112002,0.5396578970162628,0.22169455674282412,0.501481419646604,0.41202288211846816,7184.40234375
confirmation,color_s1,color_attenuation,1,3,logit_margin,boundary,7003338.0,0.46814561856074915,0.5670483029667981,0.5238073457932014,0.42321633026787786,0.1323404494328445,0.29087588083503335,5608490.0,860899.0,78.0,0.3220959776609383,float32,6.469674799940549,0.7330635000253096,0.45738934576972945,0.4468427648169953,0.4366444004155569,0.5703421510307939,0.060915054130108684,0.5649518658240211,0.12067869585082819,0.5533566840964455,0.23640372575704985,7184.40234375
confirmation,color_s1,color_attenuation,1,3,logit_margin,interior,68346678.0,0.22039733957515828,0.7617860096531519,0.44762566663876935,0.09954277211496558,0.02629896449962709,0.0732438076153385,28473493.0,16249713.0,230.0,0.8211503417913011,float32,6.469674799940549,3.553773600026034,0.18580621054100582,0.15423818844550172,0.12779787431757667,0.5542141915305908,0.12573069366822662,0.5317175123453936,0.24125405911421918,0.485033947515812,0.44014502411337236,7184.40234375
confirmation,color_s1,color_attenuation,1,3,energy,full,75350016.0,0.2434240757161883,0.6896592356769778,0.38270361628391764,0.136055264068066,0.03237541476728932,0.10367984930077669,16486644.0,11995555.0,97.0,0.9403969735056195,float32,6.755599800031632,2.111709399963729,0.22165950212557592,0.20212439237529695,0.18284019181019642,0.46594864871966857,0.09570718756637768,0.43930520726930344,0.18046909669784333,0.408622828943288,0.3357291996964927,7184.40234375
confirmation,color_s1,color_attenuation,1,3,energy,boundary,7003338.0,0.46814561856074915,0.5395472254920521,0.5064089542336064,0.44153946049809234,0.1323404494328445,0.30919901106524783,4655640.0,1441345.0,64.0,0.5410338612815775,float32,6.755599800031632,0.5954482000088319,0.4597000954306716,0.45292367396431693,0.44799334140703373,0.5637138850891146,0.06020712612952795,0.5441560741017857,0.11623653152490925,0.529033289830281,0.22601234314102867,7184.40234375
confirmation,color_s1,color_attenuation,1,3,energy,interior,68346678.0,0.22039733957515828,0.6981933693866752,0.36218657615787353,0.1175380436100132,0.02629896449962709,0.09123907911038612,16174890.0,11533069.0,93.0,0.9320841753274387,float32,6.755599800031632,1.9662414999911562,0.19851850830672185,0.17949595685364594,0.16072455126282623,0.447778370507536,0.10158434409277146,0.4173068343139222,0.18934296000568968,0.3840028513455226,0.3484641541705054,7184.40234375
confirmation,color_s1,color_attenuation,1,3,local_disagreement,full,75350016.0,0.2434240757161883,0.5221679842796901,0.26237949099589714,0.2351496118995573,0.03237541476728932,0.20277419713226796,9.0,9.0,73314066.0,1.0,float32,1.7023205000441521,0.00023210002109408379,0.2350384713350914,0.23503847133509143,0.23503847133509143,0.40275055005393506,0.08272611701394691,0.31889451069451297,0.13100369250041635,0.27696649101480225,0.2275588434733555,7184.40234375
confirmation,color_s1,color_attenuation,1,3,local_disagreement,boundary,7003338.0,0.46814561856074915,0.5134462933149665,0.4769177168423363,0.4611316874687884,0.1323404494328445,0.3287912380359439,9.0,9.0,6291345.0,1.0,float32,0.14408580004237592,0.0001708000199869275,0.46088689622520823,0.46079192922975926,0.4607919292297593,0.5464463010423009,0.05836287208832336,0.5334741720178285,0.11395478313061376,0.4975603653844484,0.21256655525538315,7184.40234375
confirmation,color_s1,color_attenuation,1,3,local_disagreement,interior,68346678.0,0.22039733957515828,0.5187006902370269,0.23703260644321403,0.21390949699812908,0.02629896449962709,0.187610532498502,9.0,9.0,67022721.0,1.0,float32,1.4825602000346407,0.0002772000152617693,0.21384725636549431,0.21384725636549434,0.21384725636549431,0.34484891672532736,0.0782334595057346,0.27934808654541077,0.1267474894471649,0.24659767145545258,0.2237755493300256,7184.40234375
confirmation,color_s2,color_attenuation,2,3,raw_msp,full,75350016.0,0.2479386998404884,0.7578918744609192,0.48353084740584895,0.11563936823916923,0.033648276606714815,0.08199109163245441,7996857.0,6636415.0,514137.0,0.9819450336944852,float32,5.829216600046493,0.9433672999730334,0.21301901454518096,0.18076885617128186,0.15216424463209732,0.5991004381949733,0.12081624820651332,0.5622159091663148,0.2267560245228275,0.5166180446932861,0.41673048414840125,7184.40234375
confirmation,color_s2,color_attenuation,2,3,raw_msp,boundary,7003338.0,0.4725987807528353,0.5746453146811247,0.5445455265893924,0.42386792207987556,0.13517080686174252,0.288697115218133,4134313.0,1573890.0,2964.0,0.6343996248646003,float32,5.829216600046493,0.47737470001447946,0.458259036761037,0.4475672406964464,0.4365946282354722,0.6392792581825243,0.06763447841828236,0.6016572092744319,0.12730828042682132,0.5727245856976814,0.242372503942118,7184.40234375
confirmation,color_s2,color_attenuation,2,3,raw_msp,interior,68346678.0,0.2249182615722742,0.7657122266810862,0.470366672516902,0.10052124471085343,0.027437676356247175,0.07308356835460625,7696413.0,6099170.0,511173.0,0.9766302760172192,float32,5.829216600046493,0.858548799995333,0.18840491710364232,0.15628511185458785,0.12996135354053676,0.5925911836536902,0.13173479041941097,0.5535384535950475,0.24610650372430437,0.4994508633533235,0.4441176758856035,7184.40234375
confirmation,color_s2,color_attenuation,2,3,calibrated_msp,full,75350016.0,0.2479386998404884,0.7570875775539061,0.48220098340512235,0.11565296336661726,0.033648276606714815,0.08200468675990244,9598343.0,8645151.0,4034.0,0.9873498102508698,float32,5.909452399937436,1.089797000051476,0.2129627487363971,0.18102850276425786,0.15269491264880175,0.5957775016737444,0.1201461356545465,0.5627222732715207,0.22696025408941486,0.5155794749623158,0.41589272079256256,7184.40234375
confirmation,color_s2,color_attenuation,2,3,calibrated_msp,boundary,7003338.0,0.4725987807528353,0.5758637556399242,0.5473032244404217,0.42354943014313906,0.13517080686174252,0.2883786232813965,4544075.0,1539537.0,65.0,0.5709848646459731,float32,5.909452399937436,0.5317464999388903,0.4571527390506592,0.44614256307393385,0.43550575980394657,0.6413282805061585,0.06785126091881337,0.611613411124787,0.12941497327054138,0.5784240091156505,0.24478445474593544,7184.40234375
confirmation,color_s2,color_attenuation,2,3,calibrated_msp,interior,68346678.0,0.2249182615722742,0.7648299174526203,0.4681616047430285,0.10049987093157159,0.027437676356247175,0.07306219457532441,9391144.0,8313331.0,4034.0,0.9842302064776287,float32,5.909452399937436,1.1006040999200195,0.18847250707786856,0.15675494692563974,0.13063113632337656,0.5872052600067772,0.13053748350291847,0.5529301078392856,0.24583602956657655,0.4975715535853387,0.44244657118308534,7184.40234375
confirmation,color_s2,color_attenuation,2,3,entropy,full,75350016.0,0.2479386998404884,0.7341482015520877,0.43940131558211815,0.12187913208255519,0.033648276606714815,0.08823085547584036,29364716.0,15750525.0,89.0,0.8193206621216909,float32,5.729357800097205,3.8704992999555543,0.21998776433893788,0.1937312455456836,0.16897331258546305,0.5298029117975018,0.10684151773467611,0.4994971467824428,0.20145994700298708,0.4647685118951086,0.374906004481453,7184.40234375
confirmation,color_s2,color_attenuation,2,3,entropy,boundary,7003338.0,0.4725987807528353,0.5566001035963789,0.5289187933448599,0.4340570619894109,0.13517080686174252,0.2988862551276684,5209958.0,1177936.0,64.0,0.42427139743933534,float32,5.729357800097205,0.5828965998953208,0.46101978342076516,0.4525129174995284,0.44472279241512774,0.6079042285538043,0.06431506247112714,0.5768090653888002,0.12205051168223523,0.5529425959613555,0.23400092272300574,7184.40234375
confirmation,color_s2,color_attenuation,2,3,entropy,interior,68346678.0,0.2249182615722742,0.742115718310567,0.42092050702414546,0.1060012054121255,0.027437676356247175,0.07856352905587832,28726494.0,14838799.0,87.0,0.796805120506369,float32,5.729357800097205,3.361348999897018,0.1963043445287458,0.17014632028271226,0.14640752880523128,0.5115375026263163,0.11371631498913379,0.4824436241818915,0.21449731779311723,0.44400602717122256,0.3948154650139946,7184.40234375
confirmation,color_s2,color_attenuation,2,3,probability_margin,full,75350016.0,0.2479386998404884,0.756588141938313,0.4723911082742958,0.11584570177761246,0.033648276606714815,0.08219742517089765,15944782.0,14031406.0,2784.0,0.9746068268917156,float32,5.989203799981624,1.8493457000004128,0.2139295749375464,0.18146100930668346,0.15243640858400032,0.5750088453858407,0.11595787109484251,0.5540208659975583,0.22345075446653237,0.5138494322894672,0.41449718006753494,7184.40234375
confirmation,color_s2,color_attenuation,2,3,probability_margin,boundary,7003338.0,0.4725987807528353,0.5713284104545175,0.5329327165188744,0.42513199605411456,0.13517080686174252,0.289961189192372,5063515.0,1266912.0,65.0,0.45788665347866975,float32,5.989203799981624,0.5699141999939457,0.4608931242584555,0.44955111588740443,0.43852316422419213,0.5848894955835359,0.06188014933972733,0.5779499495954787,0.12229191825773944,0.5647898002952877,0.23901456566908447,7184.40234375
confirmation,color_s2,color_attenuation,2,3,probability_margin,interior,68346678.0,0.2249182615722742,0.7645092172287122,0.459235659623615,0.1006842405509479,0.027437676356247175,0.07324656419470073,15618499.0,13292889.0,2784.0,0.9659733279209269,float32,5.989203799981624,1.7730867000063881,0.18920656696740787,0.15682403587167723,0.13025901039187296,0.5713955381592787,0.12702293510662216,0.5463235375880731,0.24289870896025711,0.4972951722014881,0.4422008095539439,7184.40234375
confirmation,color_s2,color_attenuation,2,3,logit_margin,full,75350016.0,0.2479386998404884,0.7537524473447353,0.4667900487020534,0.11701083863958708,0.033648276606714815,0.08336256203287226,30131708.0,17782449.0,306.0,0.836108077269685,float32,5.99427459994331,3.5045119000133127,0.2147702982886607,0.18312520934592366,0.15396980097378687,0.5648866450201341,0.11391660022636539,0.5464543207818658,0.22039897367465316,0.5071926988207833,0.40912751907766676,7184.40234375
confirmation,color_s2,color_attenuation,2,3,logit_margin,boundary,7003338.0,0.4725987807528353,0.567423690949633,0.5285342172188627,0.4270663494744926,0.13517080686174252,0.2918955426127501,5659473.0,836485.0,91.0,0.3113301114411442,float32,5.99427459994331,0.6306615999201313,0.46182670012160865,0.4511621332039665,0.4411047220947887,0.574805735549038,0.06081330751481448,0.5695482441235182,0.12051415068544058,0.5583457321792173,0.23628748713278783,7184.40234375
confirmation,color_s2,color_attenuation,2,3,logit_margin,interior,68346678.0,0.2249182615722742,0.761742889938067,0.45349026868469267,0.10177983133968696,0.027437676356247175,0.07434215498343978,28609534.0,16343884.0,306.0,0.8205377297196508,float32,5.99427459994331,3.233210499980487,0.19001981580475397,0.1583872610635085,0.13140264418743308,0.5611342057873184,0.12474181026586842,0.5390043086218672,0.23964453603129138,0.491042271548523,0.4366406555742442,7184.40234375
confirmation,color_s2,color_attenuation,2,3,energy,full,75350016.0,0.2479386998404884,0.6911170026396852,0.38963286584291107,0.1383558424271976,0.033648276606714815,0.10470756582048277,16490776.0,12122684.0,102.0,0.9420293155611275,float32,5.726836499990895,1.9140242000576109,0.22575338219714322,0.20581102775428117,0.1861048827276269,0.47472909319289686,0.09573517944144821,0.4476065168927626,0.18053113166366783,0.41644940126473384,0.3359293435354132,7184.40234375
confirmation,color_s2,color_attenuation,2,3,energy,boundary,7003338.0,0.4725987807528353,0.5429953561210674,0.5149190231287184,0.4446385865275244,0.13517080686174252,0.3094677796657819,4678851.0,1432892.0,65.0,0.5365125887112688,float32,5.726836499990895,0.5539048000937328,0.4631709795565766,0.45604284099494685,0.4502377131559907,0.5794578015632541,0.061305486878389395,0.5574497311282902,0.11795415329589466,0.5388229044998529,0.22802558124147032,7184.40234375
confirmation,color_s2,color_attenuation,2,3,energy,interior,68346678.0,0.2249182615722742,0.6998939397359857,0.36915317156250305,0.11957466699524233,0.027437676356247175,0.09213699063899515,16188075.0,11666367.0,98.0,0.9338415833465966,float32,5.726836499990895,1.8394176999572664,0.20263172667204785,0.18295811301584278,0.16404104554294735,0.4563963311751205,0.10145826784807276,0.42549711266150747,0.18917855852977178,0.3927588728523463,0.3492458830153959,7184.40234375
confirmation,color_s2,color_attenuation,2,3,local_disagreement,full,75350016.0,0.2479386998404884,0.5217195237291339,0.2665520918993654,0.23973143316729334,0.033648276606714815,0.20608315656057852,9.0,9.0,73331787.0,1.0,float32,1.5158525999868289,0.000237800064496696,0.2396221027587941,0.2396221027587941,0.2396221027587941,0.40595403556285264,0.08186581146354578,0.3227880691608232,0.13018866619204023,0.2812050859598086,0.22683437564902925,7184.40234375
confirmation,color_s2,color_attenuation,2,3,local_disagreement,boundary,7003338.0,0.4725987807528353,0.5130165472639198,0.48103530955157364,0.4658077372635056,0.13517080686174252,0.3306369304017631,9.0,9.0,6307690.0,1.0,float32,0.1406540999887511,0.00016529997810721397,0.4654853044458431,0.4654853044458431,0.4654853044458431,0.5495159705697293,0.05813770050613515,0.5366200472012402,0.11354667474879164,0.5010526758235415,0.21204151991888504,7184.40234375
confirmation,color_s2,color_attenuation,2,3,local_disagreement,interior,68346678.0,0.2249182615722742,0.5184382394971229,0.2413755324135053,0.21842815741057317,0.027437676356247175,0.190990481054326,9.0,9.0,67024097.0,1.0,float32,1.3688082000007853,0.00024070008657872677,0.2183659408346822,0.2183659408346822,0.2183659408346822,0.3494123517517671,0.07767540962079567,0.28388914629322454,0.1262188106097064,0.2511275435639534,0.22330561258752799,7184.40234375
confirmation,color_s3,color_attenuation,3,3,raw_msp,full,75350016.0,0.2524549961608502,0.7521142458459354,0.47967772012852966,0.12025888538660019,0.03494872643995071,0.08531015894664948,7938265.0,6573860.0,484729.0,0.9818924391469274,float32,5.828021400026046,0.9087959999451414,0.21841745519041764,0.1878594706562743,0.15918436988885318,0.5950713748981089,0.11785692807376195,0.5587929505526342,0.22134360132071051,0.5108371128058979,0.40469560729034676,7184.40234375
confirmation,color_s3,color_attenuation,3,3,raw_msp,boundary,7003338.0,0.47600972564796956,0.5718044341673673,0.5452423806111204,0.4293674029457498,0.1373641618200584,0.2920032411256914,4097878.0,1568270.0,1903.0,0.638799669529016,float32,5.828021400026046,0.4721042000455782,0.4619740901363715,0.4512592743710991,0.4411571460713533,0.6390807814557055,0.06712898177586957,0.6023297455214226,0.12653731322688566,0.5750113517264619,0.24159654097587124,7184.40234375
confirmation,color_s3,color_attenuation,3,3,raw_msp,interior,68346678.0,0.22954782089043158,0.7595767959373733,0.46558927612335255,0.10503011237072987,0.028631080674303026,0.07639903169642684,7637823.0,6035831.0,482826.0,0.9765607920256197,float32,5.828021400026046,0.8688341000815853,0.19412688941583875,0.1637803309742636,0.1365311304186064,0.5875175404764843,0.12797280222259172,0.5483361967461853,0.23887667966739246,0.49261780772184793,0.42920714317933145,7184.40234375
confirmation,color_s3,color_attenuation,3,3,calibrated_msp,full,75350016.0,0.2524549961608502,0.7517504053990867,0.47915382862004985,0.12003247738428648,0.03494872643995071,0.08508375094433576,9569341.0,8620303.0,3343.0,0.9874049396353147,float32,5.89342169999145,1.078118999954313,0.21842195566866718,0.1876230584090949,0.15932324178824722,0.5962628808857648,0.1180929119261371,0.5587523931645938,0.22132753612461212,0.5117827307809607,0.4054447451879061,7184.40234375
confirmation,color_s3,color_attenuation,3,3,calibrated_msp,boundary,7003338.0,0.47600972564796956,0.5732261103559446,0.5484368587223916,0.42902066787553145,0.1373641618200584,0.29165650605547305,4551224.0,1541003.0,65.0,0.570173394458471,float32,5.89342169999145,0.5252733000088483,0.46041753100306915,0.4495597278512338,0.4399622057806307,0.6417138108388283,0.06740555492061721,0.6163402033886688,0.12948062743107644,0.581809982808203,0.24445305110873733,7184.40234375
confirmation,color_s3,color_attenuation,3,3,calibrated_msp,interior,68346678.0,0.22954782089043158,0.7591479919758828,0.4642599378719775,0.1047713157039823,0.028631080674303026,0.07614023502967929,9363429.0,8286676.0,3343.0,0.9842457156439995,float32,5.89342169999145,1.0814149000216275,0.19429359437274316,0.16342499031088617,0.13708184168213838,0.5863117272119143,0.12771015252825402,0.5468359148639597,0.2382230982392142,0.49403913986751075,0.43044551885350796,7184.40234375
confirmation,color_s3,color_attenuation,3,3,entropy,full,75350016.0,0.2524549961608502,0.7311512789092589,0.4408186632132539,0.1256420292963027,0.03494872643995071,0.09069330285635199,29470550.0,15829192.0,88.0,0.8189601180708442,float32,5.669057400082238,3.486173100071028,0.2248555493874838,0.1994050872218624,0.17429473331051665,0.5368504215393706,0.10632597060910223,0.5008500088230657,0.19839180964034875,0.4646546211931994,0.3681088930112612,7184.40234375
confirmation,color_s3,color_attenuation,3,3,entropy,boundary,7003338.0,0.47600972564796956,0.5550817653683633,0.5307814403988593,0.4387928082551674,0.1373641618200584,0.301428646435109,5214012.0,1176143.0,64.0,0.42343650984716147,float32,5.669057400082238,0.5747190000256523,0.4641831951584998,0.4558825603002568,0.4487884043875401,0.6066962335114389,0.06372731207799723,0.5824478034766268,0.12236051879362514,0.5565183897968684,0.23382654544243753,7184.40234375
confirmation,color_s3,color_attenuation,3,3,entropy,interior,68346678.0,0.22954782089043158,0.738820033677627,0.4222756225049448,0.10972184942410948,0.028631080674303026,0.08109076874980645,28836592.0,14907637.0,87.0,0.7962014335210265,float32,5.669057400082238,3.2290503000840545,0.20149361398703092,0.17596703324324545,0.1513387786113548,0.5187461922071416,0.11299305856503904,0.48203576238085016,0.209993619027447,0.4438709629592347,0.38673508136669543,7184.40234375
confirmation,color_s3,color_attenuation,3,3,probability_margin,full,75350016.0,0.2524549961608502,0.751127664220108,0.47029669089741255,0.12031532085353687,0.03494872643995071,0.08536659441358616,15939260.0,14015269.0,1624.0,0.9744659510092207,float32,5.970214599976316,1.8540285000344738,0.21921412241816948,0.1882948333139875,0.159481859630632,0.5735279167809113,0.11359013605370653,0.5516229458200542,0.21850348913349293,0.5090956180237245,0.4033159595106592,7184.40234375
confirmation,color_s3,color_attenuation,3,3,probability_margin,boundary,7003338.0,0.47600972564796956,0.5684204962327767,0.5337044406474346,0.4306499552370044,0.1373641618200584,0.293285793416946,5087989.0,1256638.0,65.0,0.45292501946928737,float32,5.970214599976316,0.5814398999791592,0.46493331355440776,0.453704492018182,0.44273455700821873,0.5808657012225595,0.06101407553326572,0.5756981668746627,0.12094255647776601,0.5652306613701462,0.23748709000356066,7184.40234375
confirmation,color_s3,color_attenuation,3,3,probability_margin,interior,68346678.0,0.22954782089043158,0.7587288916102586,0.4565730561000134,0.10503471396421786,0.028631080674303026,0.07640363328991484,15607495.0,13269962.0,1624.0,0.9657988790618324,float32,5.970214599976316,1.776379199931398,0.19475913411447401,0.16408931940968674,0.13683849199485607,0.5699809412834683,0.12415298819905703,0.5426459631982125,0.23639779152442908,0.49138186009912993,0.42813028899348843,7184.40234375
confirmation,color_s3,color_attenuation,3,3,logit_margin,full,75350016.0,0.2524549961608502,0.7482516936556747,0.4648735867796701,0.12160704676005768,0.03494872643995071,0.08665832032010698,30199718.0,17850192.0,292.0,0.836104533806602,float32,6.091401299927384,3.5540767000056803,0.2200943183452809,0.189773366505412,0.1611761127289155,0.5641591070579676,0.11173459539046628,0.5437011164695112,0.2153655715277623,0.5031815297903481,0.39863069787015587,7184.40234375
confirmation,color_s3,color_attenuation,3,3,logit_margin,boundary,7003338.0,0.47600972564796956,0.5645298402726736,0.5293553254214727,0.4325343630479012,0.1373641618200584,0.2951702012278428,5689082.0,821730.0,88.0,0.3049954178992932,float32,6.091401299927384,0.6428881000028923,0.46585826919064793,0.455527908028153,0.4453182227170429,0.5719356764058292,0.060076066613931785,0.5673721395791151,0.1191934263183045,0.5579373556046116,0.23442273755218368,7184.40234375
confirmation,color_s3,color_attenuation,3,3,logit_margin,interior,68346678.0,0.22954782089043158,0.7559276416049087,0.4510483414181536,0.10625203203912427,0.028631080674303026,0.07762095136482125,28669925.0,16390725.0,292.0,0.8203394757533058,float32,6.091401299927384,3.2360227000899613,0.19559332891912767,0.16555945302609162,0.1382543304696069,0.5604719936652373,0.12208175357360915,0.5351382100783827,0.2331271208160761,0.48550134403017087,0.4230067237004465,7184.40234375
confirmation,color_s3,color_attenuation,3,3,energy,full,75350016.0,0.2524549961608502,0.6932387933058531,0.39774534004389633,0.1404485646537291,0.03494872643995071,0.1054998382137784,16494242.0,12233157.0,93.0,0.9434494479735744,float32,5.76714309991803,1.9113466999260709,0.22951836698701608,0.20866614610716822,0.18879635210136755,0.47928121948320923,0.09492409582196663,0.45888468244600333,0.18176891477077026,0.4276103709063382,0.3387616803858675,7184.40234375
confirmation,color_s3,color_attenuation,3,3,energy,boundary,7003338.0,0.47600972564796956,0.5434090706462505,0.5197059774022269,0.4482179533490759,0.1373641618200584,0.3108537915290175,4679803.0,1437020.0,64.0,0.5369660867432073,float32,5.76714309991803,0.5494687999598682,0.46603040930476813,0.4588730982061949,0.4530382142231348,0.5876453235170647,0.06172620638535998,0.5658243066879517,0.11886825789215867,0.544556597280726,0.22880068345363666,7184.40234375
confirmation,color_s3,color_attenuation,3,3,energy,interior,68346678.0,0.22954782089043158,0.7020670469450555,0.3780900723953493,0.12188238011997309,0.028631080674303026,0.09325129944567007,16217762.0,11794432.0,92.0,0.935280980298706,float32,5.76714309991803,1.863704799907282,0.20623758690454316,0.185837864628255,0.16638238885170104,0.46169528644258945,0.10056625633866538,0.43933997337439895,0.19139366452113968,0.40438767471953285,0.3523341541508096,7184.40234375
confirmation,color_s3,color_attenuation,3,3,local_disagreement,full,75350016.0,0.2524549961608502,0.5211889388310267,0.2705491174650654,0.24435170273462822,0.03494872643995071,0.20940297629467752,9.0,9.0,73340169.0,1.0,float32,1.5162034999812022,0.0002120999852195382,0.24424413311619175,0.24424413311619175,0.24424413311619175,0.4084613852917909,0.0808978655971925,0.32635275920399115,0.12927166484781547,0.28529844616009153,0.22601926334906158,7184.40234375
confirmation,color_s3,color_attenuation,3,3,local_disagreement,boundary,7003338.0,0.47600972564796956,0.5123235052190286,0.4839794224475611,0.4695843607091828,0.1373641618200584,0.3322201988891244,9.0,9.0,6326961.0,1.0,float32,0.1407553000608459,0.00015209999401122332,0.46928865216649823,0.4692886521664983,0.4692886521664983,0.5508643916580006,0.05786274095796511,0.5364993677873023,0.11270768055620377,0.5028940099769004,0.21129574733283152,7184.40234375
confirmation,color_s3,color_attenuation,3,3,local_disagreement,interior,68346678.0,0.22954782089043158,0.5181679800968141,0.24569764807140454,0.22305963351356223,0.028631080674303026,0.1944285528392592,9.0,9.0,67013208.0,1.0,float32,1.3795583000173792,0.00017559994012117386,0.22299686055919005,0.22299686055919007,0.22299686055919005,0.35401606335006064,0.07711161716461323,0.2885064619546254,0.12568469144160554,0.2557516612569077,0.22283083999559009,7184.40234375
confirmation,turbidity_s1,turbidity,1,3,raw_msp,full,75350016.0,0.241150831341562,0.7611680955146336,0.4774590619453448,0.11014902650050855,0.03174469955430781,0.07840432694620074,7929625.0,6633813.0,847485.0,0.98280276410293,float32,5.792590799974278,0.9049223000183702,0.20613840459963034,0.17387634770417187,0.1446176197838213,0.5901297261323445,0.1223569817646365,0.5562626260749499,0.23067001366319076,0.5102487530859315,0.42317812245074066,7184.40234375
confirmation,turbidity_s1,turbidity,1,3,raw_msp,boundary,7003338.0,0.46712224941877717,0.574469854499009,0.5377955400755013,0.4186406824360426,0.1316952928766385,0.2869453895594041,4161643.0,1586303.0,3848.0,0.6322696405628287,float32,5.792590799974278,0.4798694000346586,0.4532850600626209,0.44237757312538967,0.43184862648161476,0.6278385265697038,0.06720282609614907,0.5916576947570731,0.12666017610116723,0.5661009603988953,0.24237814523684706,7184.40234375
confirmation,turbidity_s1,turbidity,1,3,raw_msp,interior,68346678.0,0.21799602315711672,0.7687089838821282,0.46401507473057546,0.09548628413969523,0.025704801044709145,0.06978148309498608,7632090.0,6099009.0,843637.0,0.9775690487839073,float32,5.792590799974278,0.8680777000263333,0.1813598323098232,0.14930056434283331,0.12223474424992212,0.5840165657400377,0.13395120112098297,0.5477218132614489,0.2512531290052206,0.4927778496336618,0.45209803088788575,7184.40234375
confirmation,turbidity_s1,turbidity,1,3,calibrated_msp,full,75350016.0,0.241150831341562,0.7614622395652832,0.47800956534326644,0.1100722281968066,0.03174469955430781,0.0783275286424988,9468195.0,8556705.0,16818.0,0.9879032540616846,float32,5.89991789998021,1.0925275000045076,0.2057770767352119,0.17372213075003817,0.14463672887210643,0.5954420892434179,0.12345844249017697,0.5595146249704802,0.23201854688203688,0.5108656241896153,0.4236897285132195,7184.40234375
confirmation,turbidity_s1,turbidity,1,3,calibrated_msp,boundary,7003338.0,0.46712224941877717,0.575114874496826,0.5396524421441653,0.41839326768918267,0.1316952928766385,0.28669797481254417,4501208.0,1550619.0,125.0,0.5786881912596537,float32,5.89991789998021,0.547559899976477,0.4522218846407388,0.44147843055571173,0.4307826042966854,0.630544854312371,0.06749250706498564,0.6012257008798656,0.12870846407441422,0.5696976014301749,0.2439180599220827,7184.40234375
confirmation,turbidity_s1,turbidity,1,3,calibrated_msp,interior,68346678.0,0.21799602315711672,0.7690389779059511,0.46424327924642705,0.09539614697358305,0.025704801044709145,0.06969134592887391,9264142.0,8226303.0,16818.0,0.9848150776252798,float32,5.89991789998021,1.1205833000130951,0.18110596319148142,0.14925140016404967,0.1223382764446177,0.5904530841878495,0.13542749379434102,0.5500066535784913,0.2523012400445014,0.4929744941524592,0.45227844199970685,7184.40234375
confirmation,turbidity_s1,turbidity,1,3,entropy,full,75350016.0,0.241150831341562,0.7390448853317884,0.43475201087478393,0.11592730272890783,0.03174469955430781,0.08418260317460002,29866201.0,15690706.0,92.0,0.8118713737233978,float32,6.1835726000135764,3.7078110999427736,0.21322732436172137,0.1862669140432999,0.1612429095665008,0.5279981345724925,0.1094746718608108,0.4924624306669063,0.20421346012780234,0.4606865001495687,0.3820733455841786,7184.40234375
confirmation,turbidity_s1,turbidity,1,3,entropy,boundary,7003338.0,0.46712224941877717,0.5529365918651797,0.5190122807907096,0.4298466978325582,0.1316952928766385,0.2981514049559197,5184485.0,1194507.0,64.0,0.43027482037851095,float32,6.1835726000135764,0.6016884000273421,0.4560862636155294,0.449152377499946,0.44232414050686436,0.5928057184143566,0.06345297065642849,0.5664468667807074,0.12126312314396064,0.5390013907649779,0.23077536784541247,7184.40234375
confirmation,turbidity_s1,turbidity,1,3,entropy,interior,68346678.0,0.21799602315711672,0.7471253622850549,0.41683843872503734,0.10049463526807983,0.025704801044709145,0.07478983422337068,29233105.0,14771671.0,91.0,0.7884105793700756,float32,6.1835726000135764,3.444833099958487,0.18931038931567365,0.16231374257652917,0.13816978252156678,0.5096516758385338,0.11689472206218492,0.4761667282156207,0.21842909574836517,0.4407251426714165,0.4043423812832821,7184.40234375
confirmation,turbidity_s1,turbidity,1,3,probability_margin,full,75350016.0,0.241150831341562,0.759759904229204,0.46681525068555757,0.11057767657273554,0.03174469955430781,0.07883297701842773,15912709.0,13940484.0,10762.0,0.9738258184311467,float32,6.0755056999623775,1.8201746999984607,0.2072677857551163,0.17463980308033444,0.144994677411392,0.5648651453576257,0.11711864566283811,0.5460983288391961,0.22645510064846636,0.5071949682296036,0.42064544611580856,7184.40234375
confirmation,turbidity_s1,turbidity,1,3,probability_margin,boundary,7003338.0,0.46712224941877717,0.5713490667935078,0.5274714533527911,0.4198401659509056,0.1316952928766385,0.2881448730742671,5033039.0,1279858.0,64.0,0.4640868397327103,float32,6.0755056999623775,0.5612971000373363,0.45541452053425313,0.4441499420544237,0.43352945748119726,0.5790151556257442,0.06197685099567007,0.572491125662898,0.1225570586428197,0.5590112717646153,0.2393426697621672,7184.40234375
confirmation,turbidity_s1,turbidity,1,3,probability_margin,interior,68346678.0,0.21799602315711672,0.7673677616564548,0.45321607729398183,0.09588581487999674,0.025704801044709145,0.0701810138352876,15574696.0,13188211.0,10762.0,0.9650826482012776,float32,6.0755056999623775,1.764445999986492,0.1824088957195693,0.14990721110936206,0.12254521341421269,0.5605518805009987,0.1285692942435432,0.5382801329925608,0.24692200387346952,0.4903512504191864,0.4498717523986355,7184.40234375
confirmation,turbidity_s1,turbidity,1,3,logit_margin,full,75350016.0,0.241150831341562,0.7563326869225131,0.46084633040315515,0.1118320155805734,0.03174469955430781,0.08008731602626559,30026213.0,17554477.0,196.0,0.8344826363407806,float32,6.2263150999788195,3.439691999927163,0.20815014197077153,0.17628340591101066,0.14685777301557917,0.5561369017110637,0.11530893925184435,0.5381571232496023,0.22316205539252465,0.5006205041485059,0.41519287156441087,7184.40234375
confirmation,turbidity_s1,turbidity,1,3,logit_margin,boundary,7003338.0,0.46712224941877717,0.5677598317656798,0.5235748796078885,0.42182833667237596,0.1316952928766385,0.29013304379573746,5582839.0,873035.0,91.0,0.32749154760201493,float32,6.2263150999788195,0.6137954000150785,0.4561996619072966,0.4455339248012243,0.43555063635976066,0.5707962200892717,0.06109710935482047,0.5654262109222173,0.12104462442093106,0.5534751989764883,0.23697238045310667,7184.40234375
confirmation,turbidity_s1,turbidity,1,3,logit_margin,interior,68346678.0,0.21799602315711672,0.7639303994684964,0.4469104696663302,0.09705425481061103,0.025704801044709145,0.07134945376590188,28509665.0,16161759.0,164.0,0.8193342184092692,float32,6.2263150999788195,3.157318799989298,0.18334884222855272,0.15155441989929905,0.12432084953443762,0.5514832615132147,0.1264892977551166,0.5298207608621224,0.2430414870385892,0.48376241537994236,0.44382683915973525,7184.40234375
confirmation,turbidity_s1,turbidity,1,3,energy,full,75350016.0,0.241150831341562,0.6923422627689091,0.3839125265190495,0.1326266915308473,0.03174469955430781,0.10088199197653949,16733733.0,11964569.0,98.0,0.9367065296973527,float32,5.5607473000418395,1.905583299929276,0.21851441222651272,0.20024210299073045,0.18129594889465567,0.4813031237417057,0.0997929691169623,0.4448786571561057,0.18448150408514769,0.40478573007867624,0.33571167830114873,7184.40234375
confirmation,turbidity_s1,turbidity,1,3,energy,boundary,7003338.0,0.46712224941877717,0.5367565646621985,0.5025524032782624,0.44162475006222013,0.1316952928766385,0.3099294571855816,4625815.0,1452430.0,64.0,0.5468753614347901,float32,5.5607473000418395,0.5271765999495983,0.45881908708623903,0.453168631533067,0.4493909741415166,0.5616434444136654,0.060117410967425414,0.5418500315563717,0.1159975117800707,0.522936912958674,0.22389730437746358,7184.40234375
confirmation,turbidity_s1,turbidity,1,3,energy,interior,68346678.0,0.21799602315711672,0.7005426676776189,0.3633393211487432,0.11454303530749846,0.025704801044709145,0.0888382342627893,16409801.0,11491762.0,97.0,0.928042749934386,float32,5.5607473000418395,1.8571775000309572,0.19542685736611667,0.17763002126859018,0.15899876696554557,0.4654783524232633,0.1067630407433797,0.4211184800783301,0.1931771443820463,0.37946001912602045,0.3481348189150312,7184.40234375
confirmation,turbidity_s1,turbidity,1,3,local_disagreement,full,75350016.0,0.241150831341562,0.5225010333785338,0.2604605414651357,0.23280534110160822,0.03174469955430781,0.2010606415473004,9.0,9.0,73309579.0,1.0,float32,1.4975781000684947,0.00021799991372972727,0.23269309730997093,0.2326930973099709,0.23269309730997093,0.40184776896211766,0.08331876528455189,0.31727043313604447,0.1315651487550361,0.2749817652230076,0.2280579156960044,7184.40234375
confirmation,turbidity_s1,turbidity,1,3,local_disagreement,boundary,7003338.0,0.46712224941877717,0.5139656536419149,0.4762471324658547,0.4598318292951065,0.1316952928766385,0.328136536418468,9.0,9.0,6275630.0,1.0,float32,0.13792180002201349,0.00018239999189972878,0.45969431655781573,0.45947052327814103,0.459470523278141,0.5469059263564273,0.05853993073775448,0.5339736972111946,0.11431137145935466,0.4977291430554977,0.21310450778799322,7184.40234375
confirmation,turbidity_s1,turbidity,1,3,local_disagreement,interior,68346678.0,0.21799602315711672,0.5188044511843903,0.23479333003208686,0.21152398012211648,0.025704801044709145,0.18581917907740733,9.0,9.0,67033949.0,1.0,float32,1.3571833999594674,0.00020579993724822998,0.21146249343000814,0.21146249343000814,0.2114624934300081,0.3421330841484217,0.07847232467941204,0.27679778878921485,0.1269737827692089,0.24413014110961154,0.22397669894880276,7184.40234375
confirmation,turbidity_s2,turbidity,2,3,raw_msp,full,75350016.0,0.24278277525515057,0.7591294711512593,0.47442900096192353,0.11128083477966833,0.0321967941898107,0.07908404058985763,7815378.0,6539877.0,894261.0,0.9830723194537875,float32,5.5614496999187395,0.8789293000008911,0.2084953605038648,0.1769559041070545,0.14767026690599672,0.5858825253131983,0.12065982765857028,0.5513695285017841,0.22710406749082715,0.5060902439043812,0.41690788832824616,7184.40234375
confirmation,turbidity_s2,turbidity,2,3,raw_msp,boundary,7003338.0,0.46757203493534083,0.5741948097804468,0.5384094003477711,0.4194260638483397,0.1319786062045644,0.28744745764377533,4134164.0,1588052.0,3321.0,0.6364430790003281,float32,5.5614496999187395,0.4655704000033438,0.45361942438567,0.4427552858270636,0.4318160909786496,0.6302364300462351,0.0673946005041891,0.5931455562631545,0.12685654430435797,0.5668391081969459,0.24246072379079356,7184.40234375
confirmation,turbidity_s2,turbidity,2,3,raw_msp,interior,68346678.0,0.21974910031472195,0.7664250220300785,0.45994338811537394,0.09663906323767475,0.02613784121897494,0.07050122201869981,7514601.0,5995465.0,890940.0,0.9777730821094187,float32,5.5614496999187395,0.8354125999612734,0.18410864099370772,0.15261709040982477,0.12566295676401873,0.5789917666812785,0.131739284209775,0.540513233415288,0.24596835593774097,0.4882771677180711,0.4443951591219398,7184.40234375
confirmation,turbidity_s2,turbidity,2,3,calibrated_msp,full,75350016.0,0.24278277525515057,0.7588559957639139,0.4736068658572858,0.11161336435695,0.0321967941898107,0.0794165701671393,9344668.0,8468543.0,25197.0,0.9883725970277166,float32,5.795880799996667,1.0693622999824584,0.2085971078823768,0.17677767421848434,0.147626840998728,0.583164543287447,0.1201000716859358,0.5504537888642896,0.22672688270696242,0.5068031833302765,0.41749519479015873,7184.40234375
confirmation,turbidity_s2,turbidity,2,3,calibrated_msp,boundary,7003338.0,0.46757203493534083,0.5746013753544588,0.5400064250398892,0.419404592678237,0.1319786062045644,0.28742598647367257,4498529.0,1555746.0,65.0,0.5798028026064143,float32,5.795880799996667,0.5037431999808177,0.45259189862613153,0.44225821041428276,0.43170879521338495,0.6341174353951115,0.0678096174606398,0.6023932866318071,0.12883436425906952,0.5688275165849438,0.2433112489750547,7184.40234375
confirmation,turbidity_s2,turbidity,2,3,calibrated_msp,interior,68346678.0,0.21974910031472195,0.7660734908601546,0.45854777824638526,0.09700273282513475,0.02613784121897494,0.0708648916061598,9136645.0,8134833.0,25197.0,0.9853421990751328,float32,5.795880799996667,1.018201700062491,0.1842010904179348,0.15252461007574256,0.1253478644924671,0.5736094764710344,0.1305146397493346,0.5396812251889923,0.24558973857391522,0.48864707107938526,0.44473181885943924,7184.40234375
confirmation,turbidity_s2,turbidity,2,3,entropy,full,75350016.0,0.24278277525515057,0.7375235150730091,0.4309456780481275,0.11732643419924234,0.0321967941898107,0.08512964000943163,29966258.0,15699205.0,82.0,0.8106562711280645,float32,5.556688099983148,3.497177500044927,0.2157465717584815,0.18859961213725304,0.16284144555697513,0.5110045093551402,0.10523904258551284,0.48610865853595187,0.20022371184712115,0.45951545296774404,0.3785404272428047,7184.40234375
confirmation,turbidity_s2,turbidity,2,3,entropy,boundary,7003338.0,0.46757203493534083,0.5526674069180176,0.5182082206820371,0.4308461342894132,0.1319786062045644,0.29886752808484884,5182185.0,1197929.0,65.0,0.4310918593390752,float32,5.556688099983148,0.5731174000538886,0.4572068402293826,0.4496817678567954,0.4425290427810246,0.5870284749847929,0.06277413946585271,0.5608595327372368,0.11995150500906228,0.5391327566561098,0.23060956188073836,7184.40234375
confirmation,turbidity_s2,turbidity,2,3,entropy,interior,68346678.0,0.21974910031472195,0.745205497159619,0.41201342533797436,0.10201010171424078,0.02613784121897494,0.07587226049526584,29330067.0,14779719.0,79.0,0.787109652937338,float32,5.556688099983148,3.367291499977,0.1920580258707523,0.1648721921253562,0.13953404570292108,0.493661433152276,0.11232388366802558,0.46896879263191715,0.21341102452001018,0.4392567422441002,0.39978025345158347,7184.40234375
confirmation,turbidity_s2,turbidity,2,3,probability_margin,full,75350016.0,0.24278277525515057,0.7577564576850141,0.46494911708978276,0.11192223072264264,0.0321967941898107,0.07972543653283193,15887063.0,13899629.0,18712.0,0.9736239737493885,float32,5.81277640000917,1.789007999934256,0.20938767026741792,0.1775170597037971,0.14794206511887797,0.5637382445286677,0.11609931426613534,0.5433387011708821,0.2237962431409394,0.5038456304767183,0.41505881683257634,7184.40234375
confirmation,turbidity_s2,turbidity,2,3,probability_margin,boundary,7003338.0,0.46757203493534083,0.571069194119106,0.5276802326854915,0.42074786078217397,0.1319786062045644,0.2887692545776096,5047781.0,1274179.0,65.0,0.46117094448390183,float32,5.81277640000917,0.5600649999687448,0.4559880564905152,0.4444921002857387,0.4332690714653032,0.5781212964099987,0.061821646539311326,0.5718285846467542,0.12229746546487855,0.5598917802077295,0.23948906190593255,7184.40234375
confirmation,turbidity_s2,turbidity,2,3,probability_margin,interior,68346678.0,0.21974910031472195,0.7650860535701206,0.4506176504421593,0.09728494678266807,0.02613784121897494,0.07114710556369312,15536667.0,13129994.0,18712.0,0.9647872717383572,float32,5.81277640000917,1.7309858000371605,0.18490070175075238,0.15312356161856658,0.1258272243347597,0.5587841282122262,0.12714139529204138,0.5333847964524392,0.24272445770960896,0.486251270727415,0.4425513317323963,7184.40234375
confirmation,turbidity_s2,turbidity,2,3,logit_margin,full,75350016.0,0.24278277525515057,0.7549072598668346,0.45982100487025296,0.11293607918689216,0.0321967941898107,0.08073928499708147,29971959.0,17594329.0,271.0,0.8357315544564715,float32,6.179238899960183,3.6899337000213563,0.21021491226642697,0.1788761226710419,0.14976932558096678,0.5559863155975274,0.11450283994160608,0.5358936107211955,0.2207296784568965,0.49840938993778633,0.4105805412862121,7184.40234375
confirmation,turbidity_s2,turbidity,2,3,logit_margin,boundary,7003338.0,0.46757203493534083,0.567618310507843,0.5239412527212968,0.42251095094919666,0.1319786062045644,0.2905323447446323,5578379.0,876301.0,80.0,0.3285947358245454,float32,6.179238899960183,0.627100000041537,0.4567421412484997,0.44590910299748104,0.4353368607666099,0.5696424848715042,0.060914961223857214,0.5650411089565835,0.12084582226952283,0.5542241273449525,0.23706477043515703,7184.40234375
confirmation,turbidity_s2,turbidity,2,3,logit_margin,interior,68346678.0,0.21974910031472195,0.7623280008779956,0.44530481571473773,0.09819907128308808,0.02613784121897494,0.07206123006411314,28462348.0,16203275.0,225.0,0.8206339597075955,float32,6.179238899960183,3.3195722999516875,0.18576214326662155,0.15448065938390607,0.12743160264345588,0.5508220735813356,0.125329771296203,0.5256316766227709,0.2391962885178167,0.48082284318711604,0.43761076297341234,7184.40234375
confirmation,turbidity_s2,turbidity,2,3,energy,full,75350016.0,0.24278277525515057,0.6909274592684206,0.38271894607907914,0.13439199949073444,0.0321967941898107,0.10219520530092374,16695574.0,11891586.0,97.0,0.9362443665572678,float32,5.898747900035232,1.8953626001020893,0.22059991960693154,0.20178361607188108,0.18286732781480836,0.4756211964730292,0.09795201105634666,0.4424284919139465,0.182232250593378,0.4067794043054003,0.33509743471053344,7184.40234375
confirmation,turbidity_s2,turbidity,2,3,energy,boundary,7003338.0,0.46757203493534083,0.5366105163083768,0.5043135837042187,0.44323639688707744,0.1319786062045644,0.311257790682513,4592339.0,1463696.0,64.0,0.5532640292386288,float32,5.898747900035232,0.5371040999889374,0.4590121695921231,0.45360709799546206,0.4496015879773259,0.5659214032161797,0.06051704577554576,0.5446101431602636,0.11647623424790773,0.5234319148672872,0.2238936571218875,7184.40234375
confirmation,turbidity_s2,turbidity,2,3,energy,interior,68346678.0,0.21974910031472195,0.6984412767543875,0.3611881376016745,0.11656886592740442,0.02613784121897494,0.09043102470842948,16374851.0,11427684.0,93.0,0.927616569747545,float32,5.898747900035232,1.823200699989684,0.19764574921798606,0.17932523257393834,0.1609924263919886,0.45698020737803213,0.10397772279749261,0.41867929795565784,0.19052606340943654,0.3814445659613605,0.3471637213322937,7184.40234375
confirmation,turbidity_s2,turbidity,2,3,local_disagreement,full,75350016.0,0.24278277525515057,0.522147169756246,0.26174121187944,0.23453138801720944,0.0321967941898107,0.20233459382739874,9.0,9.0,73322329.0,1.0,float32,1.4972003001021221,0.00020309991668909788,0.23442108610598006,0.23442108610598006,0.23442108610598006,0.4016548602116868,0.0827189822489787,0.3180379731588334,0.13099693324941492,0.2762295296324067,0.22755283525028733,7184.40234375
confirmation,turbidity_s2,turbidity,2,3,local_disagreement,boundary,7003338.0,0.46757203493534083,0.5140540615442797,0.47669212315191734,0.4602321277793945,0.1319786062045644,0.3282535215748301,9.0,9.0,6275645.0,1.0,float32,0.14611840003635734,0.0002095999661833048,0.46009654878120226,0.45986571898187356,0.4598657189818736,0.5472199456759075,0.05851719746515812,0.5348514645754858,0.11438913736389666,0.49839728774543746,0.21318530315685486,7184.40234375
confirmation,turbidity_s2,turbidity,2,3,local_disagreement,interior,68346678.0,0.21974910031472195,0.5184032375644309,0.23614494297570437,0.21337912249220922,0.02613784121897494,0.18724128127323428,9.0,9.0,67046684.0,1.0,float32,1.3547543999738991,0.00020480004604905844,0.2133192150114389,0.21331921501143888,0.2133192150114389,0.34191691731399976,0.07779711653646841,0.2776180661627194,0.12633411189804122,0.24546864058707907,0.22340810262118674,7184.40234375
confirmation,turbidity_s3,turbidity,3,3,raw_msp,full,75350016.0,0.24919536845221107,0.7501281534578795,0.47064616209105703,0.11860378474930332,0.03400739905694907,0.08459638569235425,7804324.0,6569863.0,728639.0,0.9836169775995801,float32,5.75070550001692,0.883774199988693,0.21589277340227184,0.18584351499725124,0.15744641407987545,0.5820709138497906,0.11679008088406617,0.5489187660467775,0.2202764837066871,0.5026027863031755,0.40338054122424527,7184.40234375
confirmation,turbidity_s3,turbidity,3,3,raw_msp,boundary,7003338.0,0.47146960492268114,0.5702437048189525,0.5392698019566305,0.42673932347704496,0.1344495752185068,0.29228974825853815,4151690.0,1596693.0,1971.0,0.6351743982655128,float32,5.75070550001692,0.475620299926959,0.4576913710206481,0.44706819301008394,0.4369396677543792,0.6305334311914029,0.06686895662779263,0.5954730171603835,0.1263015008808669,0.5690756124934674,0.24140507428992317,7184.40234375
confirmation,turbidity_s3,turbidity,3,3,raw_msp,interior,68346678.0,0.22641940256408657,0.756867653742345,0.4552253253152865,0.10382295093054755,0.02782160185343052,0.07600134907711703,7509171.0,6040308.0,726668.0,0.978508640902781,float32,5.75070550001692,0.8354845000430942,0.19192624564547783,0.1620141088421213,0.13545829812679439,0.5738595642099955,0.12672491281752643,0.5368578254276579,0.2371077014857628,0.48404058543882456,0.4275610606878934,7184.40234375
confirmation,turbidity_s3,turbidity,3,3,calibrated_msp,full,75350016.0,0.24919536845221107,0.748995560041691,0.46883083602520964,0.11915035177655185,0.03400739905694907,0.08514295271960279,9296944.0,8442760.0,21617.0,0.988663784756197,float32,5.862701999954879,1.0785155000630766,0.21616372617971602,0.1859226180547329,0.15768347373370045,0.5793188464537459,0.11623789013525061,0.5464801764116615,0.21929789819776838,0.5022863519700017,0.40312657635167376,7184.40234375
confirmation,turbidity_s3,turbidity,3,3,calibrated_msp,boundary,7003338.0,0.47146960492268114,0.5704307168656514,0.5408087892347117,0.42700373190223256,0.1344495752185068,0.29255415668372575,4486317.0,1560399.0,66.0,0.5822109399831908,float32,5.862701999954879,0.5023356999736279,0.4567277036905413,0.44638500696066813,0.43662604182454207,0.6339689348225276,0.06723329661666558,0.6041474496454549,0.12814137239574894,0.5718078802399997,0.2425641176294217,7184.40234375
confirmation,turbidity_s3,turbidity,3,3,calibrated_msp,interior,68346678.0,0.22641940256408657,0.7554432263659419,0.4524740135697899,0.10442067632440778,0.02782160185343052,0.07659907447097726,9084488.0,8118253.0,21617.0,0.9858627364449227,float32,5.862701999954879,1.0365980000933632,0.19226407668577117,0.16207677038488622,0.135812385072532,0.5676401545766379,0.1253514859501904,0.5338174143937936,0.23576487879106287,0.48378992220251227,0.42733964570242067,7184.40234375
confirmation,turbidity_s3,turbidity,3,3,entropy,full,75350016.0,0.24919536845221107,0.7260002875303089,0.4258988493708275,0.12559615335578203,0.03400739905694907,0.09158875429883295,29195437.0,15541433.0,83.0,0.8187922879804034,float32,5.663995199953206,3.43759119999595,0.22383531877121904,0.19809942089207355,0.17328206124969694,0.5036750487922896,0.10106028026495356,0.47743583876951856,0.1915909862530373,0.45357916147718197,0.36403500464149535,7184.40234375
confirmation,turbidity_s3,turbidity,3,3,entropy,boundary,7003338.0,0.47146960492268114,0.5487699320328022,0.51831507450696,0.4384287824769545,0.1344495752185068,0.3039792072584477,5173800.0,1206032.0,64.0,0.433446165242917,float32,5.663995199953206,0.5743078000377864,0.4619746454270622,0.4548024603899739,0.44772809376425976,0.5800061113697179,0.06151046334173365,0.5569242675637625,0.11812520272658358,0.5381383898412915,0.22828133050489466,7184.40234375
confirmation,turbidity_s3,turbidity,3,3,entropy,interior,68346678.0,0.22641940256408657,0.7324614819607246,0.4054630325976403,0.11023484876737606,0.02782160185343052,0.08241324691394554,28560376.0,14659896.0,83.0,0.7966180594761314,float32,5.663995199953206,3.2763280000071973,0.20068192860740644,0.17491847974920277,0.15097042546220502,0.48033745018777796,0.1060725050071037,0.4580567044368505,0.20230453426407238,0.43242311529564104,0.38196649496684504,7184.40234375
confirmation,turbidity_s3,turbidity,3,3,probability_margin,full,75350016.0,0.24919536845221107,0.7488924668000834,0.46259777886072195,0.11910227983589022,0.03400739905694907,0.08509488077894115,15924029.0,13998339.0,16809.0,0.9744434029051832,float32,5.908600499969907,1.806371899903752,0.21660783909201903,0.18626917018083589,0.15770633333905476,0.5631788817043446,0.11299947408714177,0.542483181443463,0.21769393773686282,0.5009001324750809,0.4020140199048031,7184.40234375
confirmation,turbidity_s3,turbidity,3,3,probability_margin,boundary,7003338.0,0.47146960492268114,0.5671121207853893,0.5288423431470718,0.42808867939938067,0.1344495752185068,0.29363910418087386,5032120.0,1280787.0,64.0,0.46435071390242766,float32,5.908600499969907,0.5509805000619963,0.460385324143008,0.4491011519327121,0.4383119724327397,0.5775444288011149,0.061249398445301,0.5712274429058135,0.12115894642445578,0.5609437782543758,0.23795550448671218,7184.40234375
confirmation,turbidity_s3,turbidity,3,3,probability_margin,interior,68346678.0,0.22641940256408657,0.7556374216625082,0.44755255910287034,0.10432234923281455,0.02782160185343052,0.07650074737938403,15588802.0,13258866.0,16809.0,0.9659100329645868,float32,5.908600499969907,1.7482406999915838,0.1925044037334432,0.16236292791330406,0.13570474178425135,0.5585353963060093,0.12334089003085878,0.5316543539495993,0.23480954524499945,0.48264531649525627,0.4263285965363262,7184.40234375
confirmation,turbidity_s3,turbidity,3,3,logit_margin,full,75350016.0,0.24919536845221107,0.7467531138264734,0.4583363206644818,0.11980720315700906,0.03400739905694907,0.08579980410006,29513384.0,17466355.0,248.0,0.8401190916800867,float32,5.992739700013772,3.340015400084667,0.2173057544851977,0.18745781181787957,0.15908307121060092,0.556076914998386,0.11157449433589636,0.5362018483870342,0.21517329161535134,0.4961455882825247,0.39819810271943545,7184.40234375
confirmation,turbidity_s3,turbidity,3,3,logit_margin,boundary,7003338.0,0.47146960492268114,0.5639767237499931,0.5252540927366354,0.4294671088614364,0.1344495752185068,0.2950175336429296,5544854.0,891188.0,95.0,0.335507439452444,float32,5.992739700013772,0.6113685000455007,0.4612176255611411,0.4506962839688427,0.4403299895539617,0.5695253978815822,0.060398968945088845,0.5637367313310506,0.11957014544222183,0.5545625373036294,0.23524854619864374,7184.40234375
confirmation,turbidity_s3,turbidity,3,3,logit_margin,interior,68346678.0,0.22641940256408657,0.753732887135949,0.44333635233128965,0.1049078787201614,0.02782160185343052,0.07708627686673088,28046992.0,16121360.0,242.0,0.8255126313527631,float32,5.992739700013772,3.065820000017993,0.19318207445516433,0.16355597844857483,0.13681220195747237,0.5513017522496256,0.12174349065029744,0.5255553338102483,0.23211586252666538,0.477873102248712,0.42211322070532536,7184.40234375
confirmation,turbidity_s3,turbidity,3,3,energy,full,75350016.0,0.24919536845221107,0.6756567602621393,0.3726924569260197,0.145145955997064,0.03400739905694907,0.11113855694011493,16222694.0,11650306.0,99.0,0.939318022175337,float32,5.6904030999867246,1.869193800026551,0.22881284792587178,0.21192198551229022,0.19432919789647599,0.4585861025650694,0.09201337283227382,0.43263808783897556,0.17361402561091002,0.39828889008036533,0.3196599629420053,7184.40234375
confirmation,turbidity_s3,turbidity,3,3,energy,boundary,7003338.0,0.47146960492268114,0.5353501202918609,0.5058809301990096,0.4492467331122303,0.1344495752185068,0.3147971578937235,4551160.0,1480754.0,64.0,0.5615796353110474,float32,5.6904030999867246,0.5199408999178559,0.4637248423569393,0.45809186368430344,0.45354083164825265,0.5634511533068507,0.059754786770248654,0.541173211639018,0.11478435948696811,0.5249809376668847,0.22269986531837652,7184.40234375
confirmation,turbidity_s3,turbidity,3,3,energy,interior,68346678.0,0.22641940256408657,0.6806466219111493,0.34883124592551445,0.12767885883298727,0.02782160185343052,0.09985725697955675,15904637.0,11205060.0,94.0,0.9312391305982713,float32,5.6904030999867246,1.7785190000431612,0.20639391874214616,0.1903204148014288,0.17328632857590007,0.4374690914028304,0.09660592229512684,0.40664879405993093,0.17959980520857688,0.3708153490410946,0.327547335336821,7184.40234375
confirmation,turbidity_s3,turbidity,3,3,local_disagreement,full,75350016.0,0.24919536845221107,0.5211992503640662,0.26725067015972187,0.24115832411905344,0.03400739905694907,0.20715092506210436,9.0,9.0,73344147.0,1.0,float32,1.5103992000222206,0.0002498000394552946,0.24105205013837028,0.24105205013837028,0.24105205013837028,0.4039184077693302,0.08104452978407531,0.32248522895384996,0.1294106098665362,0.2817686395461102,0.2261427700314583,7184.40234375
confirmation,turbidity_s3,turbidity,3,3,local_disagreement,boundary,7003338.0,0.47146960492268114,0.5131219280358705,0.4799752994927078,0.46462277590691065,0.1344495752185068,0.33017320068840383,9.0,9.0,6301284.0,1.0,float32,0.14021590002812445,0.0001697000116109848,0.46430874581532267,0.46429489608784497,0.4642948960878449,0.5482634038308629,0.058144104591090234,0.5359173888466754,0.11366958469800746,0.50016843001733,0.21217426007197565,7184.40234375
confirmation,turbidity_s3,turbidity,3,3,local_disagreement,interior,68346678.0,0.22641940256408657,0.5177893499432116,0.2421785389226608,0.22012905463904717,0.02782160185343052,0.19230745278561664,9.0,9.0,67042863.0,1.0,float32,1.3727064999984577,0.0002394999610260129,0.22006970376548507,0.22006970376548507,0.22006970376548507,0.34706367602134425,0.07664177235850801,0.28356668989341477,0.12523957531026758,0.2518181968294499,0.22243518121378664,7184.40234375
confirmation,lowlight_s1,lowlight,1,3,raw_msp,full,75350016.0,0.2455959398867281,0.7580380046278202,0.4807577899673991,0.1146018816297481,0.032984381781974194,0.08161749984777392,7970821.0,6672473.0,725855.0,0.9827691078393401,float32,5.875487899989821,0.9008797999704257,0.21078551704220666,0.17858734812593133,0.14948302870529526,0.5946008596502917,0.12105267120646744,0.5588897580179069,0.22756475043710653,0.5136302994124399,0.41827265297276467,7184.40234375
confirmation,lowlight_s1,lowlight,1,3,raw_msp,boundary,7003338.0,0.47050849180776366,0.5752772351466782,0.5427726392303384,0.4220352095151202,0.1338375900156677,0.2881976194994525,4153946.0,1579367.0,2444.0,0.6323783030320684,float32,5.875487899989821,0.4783690000185743,0.4561678120198223,0.44524709732197376,0.43426512702003145,0.6366362335685545,0.06765408345042533,0.5995739175878938,0.12743108769608483,0.5715537157984619,0.24295156791993033,7184.40234375
confirmation,lowlight_s1,lowlight,1,3,raw_msp,interior,68346678.0,0.22254963145392379,0.7655815448076634,0.4673455779106068,0.09970958939007286,0.02683779625618956,0.07287179313388331,7681756.0,6152792.0,723411.0,0.9776292858008402,float32,5.875487899989821,0.8412533999653533,0.18621662361193167,0.15408959551430043,0.12708860447288953,0.5876810695120817,0.13203371375405246,0.5495467373104297,0.2469322235230756,0.49638980269414695,0.44609358728375503,7184.40234375
confirmation,lowlight_s1,lowlight,1,3,calibrated_msp,full,75350016.0,0.2455959398867281,0.7585797017386663,0.4823726751480033,0.11417392337588002,0.032984381781974194,0.08118954159390582,9542649.0,8598800.0,10070.0,0.9874738049159804,float32,5.746902899933048,1.0441974999848753,0.2102024136296856,0.17860309685069245,0.14945702827785876,0.6029707225027945,0.12275666177338848,0.5641377401094253,0.22970158640130495,0.5135673155760277,0.4182213623530706,7184.40234375
confirmation,lowlight_s1,lowlight,1,3,calibrated_msp,boundary,7003338.0,0.47050849180776366,0.5770348769007979,0.5463966521253283,0.4212649278004683,0.1338375900156677,0.2874273377848006,4515553.0,1545491.0,64.0,0.5759076600329729,float32,5.746902899933048,0.5061640000203624,0.45501137949279746,0.4435273818505495,0.4322207279235733,0.6421935819194842,0.0682446519560685,0.6099825226249189,0.12964329176694092,0.5784329334289068,0.2458757317617211,7184.40234375
confirmation,lowlight_s1,lowlight,1,3,calibrated_msp,interior,68346678.0,0.22254963145392379,0.7661333066711561,0.46852577103447957,0.09925848817698864,0.02683779625618956,0.07242069192079909,9338027.0,8272399.0,10070.0,0.9844084887344488,float32,5.746902899933048,1.0602356001036242,0.18575607128175342,0.15422096497995522,0.12704960117254685,0.5958819555439023,0.13387619855580726,0.5536917082146492,0.24879471639643277,0.4958642980171092,0.44562132885853795,7184.40234375
confirmation,lowlight_s1,lowlight,1,3,entropy,full,75350016.0,0.2455959398867281,0.7370303204774065,0.4423531191647439,0.11990987736126092,0.032984381781974194,0.08692549557928672,29752925.0,15698440.0,89.0,0.8134773455124416,float32,5.791397599969059,3.4778841000515968,0.2166604610596439,0.19066847375967017,0.16574909490967601,0.5459902996707897,0.1111562204380952,0.5060152162755452,0.20603567118049335,0.4653058179985578,0.3789198167642317,7184.40234375
confirmation,lowlight_s1,lowlight,1,3,entropy,boundary,7003338.0,0.47050849180776366,0.5568836551934867,0.5277403917037199,0.4315509026469915,0.1338375900156677,0.2977133126313238,5199759.0,1183708.0,64.0,0.4265518814028396,float32,5.791397599969059,0.5752162999706343,0.45852827341878993,0.45053395068173735,0.44341831253134983,0.6080984216102603,0.06462142616528027,0.5783297683676646,0.12291593958356727,0.5504066631064606,0.2339625447250943,7184.40234375
confirmation,lowlight_s1,lowlight,1,3,entropy,interior,68346678.0,0.22254963145392379,0.7449829353700498,0.4247361674022439,0.10427803241905366,0.02683779625618956,0.0774402361628641,29109998.0,14777450.0,88.0,0.7902963476878861,float32,5.791397599969059,3.213838299969211,0.19300103844759683,0.16698363982317135,0.14272997904067863,0.5312448241816574,0.11935423937946138,0.4884869316256474,0.21949573348144127,0.44481359592009445,0.3997432896478018,7184.40234375
confirmation,lowlight_s1,lowlight,1,3,probability_margin,full,75350016.0,0.2455959398867281,0.7567555768515225,0.4692991925646314,0.11474479028078689,0.032984381781974194,0.08176040849881269,15933841.0,13984026.0,6699.0,0.9741232304449676,float32,5.924190400051884,1.7924250999931246,0.21182640009738257,0.1793520930395287,0.14979372836240895,0.5682306388239844,0.11568405187213554,0.549521818308741,0.2237503794785357,0.510571330969786,0.4157815950127253,7184.40234375
confirmation,lowlight_s1,lowlight,1,3,probability_margin,boundary,7003338.0,0.47050849180776366,0.5721568891288662,0.531544399020151,0.42313651848895445,0.1338375900156677,0.28929892847328675,5041929.0,1275362.0,66.0,0.462175465470894,float32,5.924190400051884,0.5519713999237865,0.45857087214749154,0.447047488599634,0.43586925990604075,0.5825577510159439,0.06190726921244382,0.5779470938152367,0.12283460743582196,0.5643528659182618,0.239890687165605,7184.40234375
confirmation,lowlight_s1,lowlight,1,3,probability_margin,interior,68346678.0,0.22254963145392379,0.7643896965202122,0.4557446048818919,0.09980745502782203,0.02683779625618956,0.07296965877163247,15606384.0,13246422.0,6699.0,0.9654707138801977,float32,5.924190400051884,1.741139099933207,0.18712099983204905,0.15473338441725915,0.12734887141378837,0.5632879314693852,0.12655333200793556,0.541407278305252,0.24327485541593297,0.49381462274392846,0.4437793349448487,7184.40234375
confirmation,lowlight_s1,lowlight,1,3,logit_margin,full,75350016.0,0.2455959398867281,0.7531445193809952,0.4629139782972179,0.11610953215807052,0.032984381781974194,0.08312515037609633,30055250.0,17587368.0,313.0,0.8345337843060312,float32,5.916169499978423,3.400868900003843,0.212764179142333,0.1812805127740544,0.1517675074185214,0.5583268591036871,0.11366777663350311,0.5410817940061595,0.22031383050524334,0.5028576413560784,0.4094999846353297,7184.40234375
confirmation,lowlight_s1,lowlight,1,3,logit_margin,boundary,7003338.0,0.47050849180776366,0.5680928741252981,0.5270987095791574,0.4252969272869433,0.1338375900156677,0.2914593372712756,5595510.0,867379.0,105.0,0.3248746526299316,float32,5.916169499978423,0.6154582999879494,0.45951304179514374,0.44873739685946223,0.4385190165425184,0.5736462887707865,0.06096026560408846,0.5694668543866213,0.12103225062440633,0.5575932340854507,0.23701735591615505,7184.40234375
confirmation,lowlight_s1,lowlight,1,3,logit_margin,interior,68346678.0,0.22254963145392379,0.7607690270736877,0.44904069592881163,0.10109259377154296,0.02683779625618956,0.07425479751535341,28556047.0,16189430.0,259.0,0.8190604523602449,float32,5.916169499978423,3.137349499971606,0.188106804051651,0.15668380228351622,0.12906376995015434,0.5532374067035882,0.12429529073546954,0.5325351282608023,0.23928826139368736,0.48601292703610477,0.43676813848934104,7184.40234375
confirmation,lowlight_s1,lowlight,1,3,energy,full,75350016.0,0.2455959398867281,0.6950893263696534,0.3973967099117287,0.135467132881463,0.032984381781974194,0.10248275109948882,16665609.0,12034308.0,99.0,0.93853616434534,float32,5.614176500006579,1.900244899909012,0.22099964145108572,0.20164719558750877,0.18339875331613242,0.5018529523947041,0.10217045511162046,0.46696258342068125,0.1901344983247826,0.4213909204763885,0.34315790647070515,7184.40234375
confirmation,lowlight_s1,lowlight,1,3,energy,boundary,7003338.0,0.47050849180776366,0.5423674094011677,0.5121792942012469,0.4418857687986933,0.1338375900156677,0.3080481787830256,4661138.0,1437987.0,64.0,0.5397693214292956,float32,5.614176500006579,0.5364553000545129,0.46101629302213787,0.45406976422495626,0.44949337428251057,0.57953776341003,0.0615863410548294,0.5559375954901519,0.11815679502781377,0.5362634114579615,0.22795064231153248,7184.40234375
confirmation,lowlight_s1,lowlight,1,3,energy,interior,68346678.0,0.22254963145392379,0.7038106724208538,0.37811838008386006,0.11705235898251827,0.02683779625618956,0.09021456272632872,16348670.0,11561244.0,96.0,0.9299537864883499,float32,5.614176500006579,1.8353740000166,0.19768305087603136,0.17894012333408374,0.16119819805226193,0.48728544678395497,0.10947793035192467,0.4463488204547756,0.20056147952260434,0.3969876496874882,0.3567632610405484,7184.40234375
confirmation,lowlight_s1,lowlight,1,3,local_disagreement,full,75350016.0,0.2455959398867281,0.5220560072413966,0.2644638972899963,0.23731334067754006,0.032984381781974194,0.20432895889556588,9.0,9.0,73307542.0,1.0,float32,1.534606600063853,0.0002114999806508422,0.23720176022270667,0.2372017602227067,0.2372017602227067,0.4050853445909357,0.08246988249927102,0.32114355240682124,0.13076094401358238,0.279172656314764,0.22734306704220508,7184.40234375
confirmation,lowlight_s1,lowlight,1,3,local_disagreement,boundary,7003338.0,0.47050849180776366,0.5134949889078811,0.4792784612584088,0.4634642115741569,0.1338375900156677,0.3296266215584892,9.0,9.0,6291351.0,1.0,float32,0.14069729996845126,0.00020789995323866606,0.46321665690294833,0.4631221497576594,0.46312214975765936,0.5488951572293842,0.0583300114173164,0.5361350579770197,0.1139480414105902,0.500053849461296,0.21255896587304737,7184.40234375
confirmation,lowlight_s1,lowlight,1,3,local_disagreement,interior,68346678.0,0.22254963145392379,0.5185887462334917,0.239087332486108,0.2160553609099394,0.02683779625618956,0.18921756465374984,9.0,9.0,67016191.0,1.0,float32,1.3528250000672415,0.00015400000847876072,0.21599278896647528,0.2159927889664753,0.21599278896647528,0.3471296348780429,0.07798926530862846,0.2815612119222592,0.1265161475766182,0.24877700044436718,0.22356991211259755,7184.40234375
confirmation,lowlight_s2,lowlight,2,3,raw_msp,full,75350016.0,0.2563341459675337,0.749621389783736,0.48271859677251094,0.12359327807835079,0.03608748912254386,0.08750578895580693,8058564.0,6762894.0,578020.0,0.9828046486413486,float32,5.65032249991782,0.9044404999585822,0.22250303515625067,0.19175817364206604,0.1628851590111813,0.5987179123066808,0.11678466437432905,0.5608141842563545,0.21878248483467222,0.5146380319474367,0.4015368747107785,7184.40234375
confirmation,lowlight_s2,lowlight,2,3,raw_msp,boundary,7003338.0,0.47775917712382293,0.5719173695413793,0.5484721233148779,0.4324108060371406,0.13849772480137693,0.29391308123576365,4137172.0,1575411.0,1247.0,0.6342085731118504,float32,5.65032249991782,0.4639024999924004,0.4633631101355623,0.45271639187808815,0.4422293897787933,0.6475517395985344,0.06776970025185981,0.6073239340086303,0.1271192970281021,0.5779306730788453,0.24193395576508506,7184.40234375
confirmation,lowlight_s2,lowlight,2,3,raw_msp,interior,68346678.0,0.23364519633273179,0.757607915134899,0.46931501220222094,0.10795811824570695,0.02971049936232409,0.07824761888338286,7791660.0,6268398.0,576773.0,0.9777127134108844,float32,5.65032249991782,0.8507529998896644,0.19852600277800486,0.1674544929880737,0.13989481148368063,0.5908766892554255,0.12644743307808887,0.5497179477725422,0.2352789496582925,0.498408006065547,0.42663665119009964,7184.40234375
confirmation,lowlight_s2,lowlight,2,3,calibrated_msp,full,75350016.0,0.2563341459675337,0.7486011978910153,0.4804390960752021,0.12366422921126288,0.03608748912254386,0.08757674008871902,9687225.0,8752041.0,25285.0,0.9875888015737116,float32,5.785857799928635,1.0823682999471202,0.22293599208167725,0.19229244359983796,0.1633014448203494,0.5958314277819701,0.11622163273704048,0.5569175148507319,0.21726233245787058,0.5125009754476508,0.3998694756171724,7184.40234375
confirmation,lowlight_s2,lowlight,2,3,calibrated_msp,boundary,7003338.0,0.47775917712382293,0.5742788329336196,0.5528132178670683,0.431411983846821,0.13849772480137693,0.2929142590454441,4532693.0,1540788.0,64.0,0.5727887187509727,float32,5.785857799928635,0.5136677999980748,0.4619743281180961,0.4506931158370713,0.4402162682818419,0.6514805792664643,0.06818087401659759,0.6198228273937864,0.1297354470788058,0.5860232403396094,0.2453216749170405,7184.40234375
confirmation,lowlight_s2,lowlight,2,3,calibrated_msp,interior,68346678.0,0.23364519633273179,0.7564682450243609,0.46592732321539765,0.10800147854183788,0.02971049936232409,0.07829097917951379,9505517.0,8450078.0,25285.0,0.9845575669383668,float32,5.785857799928635,1.0279809000203386,0.19914013757952628,0.1681163804905443,0.14052696677182033,0.5851511734000833,0.1252221744139364,0.5441907509056931,0.23291331273729285,0.4957604561040858,0.42437035162093156,7184.40234375
confirmation,lowlight_s2,lowlight,2,3,entropy,full,75350016.0,0.2563341459675337,0.7254803506495512,0.43961992566894076,0.13015485347740616,0.03608748912254386,0.09406736435486229,29042479.0,15569386.0,89.0,0.821193229739991,float32,5.542595200007781,3.374735099961981,0.2293155210538551,0.20558130934709654,0.18066170882660904,0.5407058949685747,0.1054689615445828,0.4995017917712563,0.19486355062148772,0.4593454653363065,0.3583958648873179,7184.40234375
confirmation,lowlight_s2,lowlight,2,3,entropy,boundary,7003338.0,0.47775917712382293,0.5562885827634343,0.5354226516990827,0.44058354348606676,0.13849772480137693,0.30208581868468987,5204596.0,1179908.0,64.0,0.4253186123531379,float32,5.542595200007781,0.5635035000741482,0.46493331355440776,0.45733157155459125,0.4500977798955886,0.625410161437257,0.06545246747595347,0.5931912487470264,0.12416117712705277,0.5594697196861308,0.23420581173407093,7184.40234375
confirmation,lowlight_s2,lowlight,2,3,entropy,interior,68346678.0,0.23364519633273179,0.7335995677948983,0.42164384430020646,0.11377230927659514,0.02971049936232409,0.08406180991427105,28444837.0,14681783.0,88.0,0.7986287790022508,float32,5.542595200007781,3.222451400011778,0.2061829193001022,0.18231947249765473,0.15741371066730697,0.5239824377716664,0.11213208346011644,0.4808057977358959,0.205784591060371,0.4389480830183217,0.3757390288803307,7184.40234375
confirmation,lowlight_s2,lowlight,2,3,probability_margin,full,75350016.0,0.2563341459675337,0.7484681447119834,0.4725559863034268,0.12376400546927831,0.03608748912254386,0.08767651634673446,16009173.0,14158717.0,21062.0,0.9754418632107523,float32,5.890188399935141,1.8140378999523818,0.22342437143160698,0.1921560899464305,0.16300225065199844,0.5756932247662312,0.11229351695504515,0.5525221094831825,0.21554761529278452,0.5130463535377959,0.400294996857847,7184.40234375
confirmation,lowlight_s2,lowlight,2,3,probability_margin,boundary,7003338.0,0.47775917712382293,0.5684763231039528,0.536248293220283,0.43368276670718225,0.13849772480137693,0.2951850419058053,5056558.0,1269467.0,65.0,0.4592448629496392,float32,5.890188399935141,0.5575446999864653,0.466347083652956,0.45490998846800035,0.4439945683048717,0.5853997283201059,0.061265164912335184,0.5804680338238611,0.12149807421540754,0.5691555743402433,0.2382605145567318,7184.40234375
confirmation,lowlight_s2,lowlight,2,3,probability_margin,interior,68346678.0,0.23364519633273179,0.7565635534039885,0.4594314618231674,0.1080799110373978,0.02971049936232409,0.0783694116750737,15711555.0,13464637.0,21062.0,0.9671246933172085,float32,5.890188399935141,1.7471071999752894,0.1992693589549527,0.1678114004186341,0.14013967655445686,0.5716417588043248,0.12233116376978002,0.5430278398306985,0.23241558749950608,0.4969803946585262,0.42541461755002996,7184.40234375
confirmation,lowlight_s2,lowlight,2,3,logit_margin,full,75350016.0,0.2563341459675337,0.7455910132524974,0.4671115082018381,0.12489369660833817,0.03608748912254386,0.08880620748579432,30305806.0,17679823.0,207.0,0.8324355631191903,float32,5.920630600070581,3.4982194000622258,0.2243653710022773,0.19348580764241044,0.1646127552307695,0.5657147801686051,0.11034714241144425,0.544053153535991,0.21224374160681697,0.5077274918661823,0.3961450527028125,7184.40234375
confirmation,lowlight_s2,lowlight,2,3,logit_margin,boundary,7003338.0,0.47775917712382293,0.5641618377632911,0.5314831565934688,0.43592078743387674,0.13849772480137693,0.29742306263249985,5637590.0,845007.0,85.0,0.3156716125938802,float32,5.920630600070581,0.6197558999992907,0.4673353424279372,0.45694651711656814,0.44660658783759666,0.5751569965188039,0.06019320908010349,0.5715744202052163,0.11963654719838465,0.5610099371633153,0.2348505792197775,7184.40234375
confirmation,lowlight_s2,lowlight,2,3,logit_margin,interior,68346678.0,0.23364519633273179,0.753768197097308,0.4538806659040334,0.10911895636632025,0.02971049936232409,0.07940845700399617,28841826.0,16262701.0,205.0,0.8159511863912391,float32,5.920630600070581,3.1629599999869242,0.2001365920226539,0.16907966797143015,0.14163380287577984,0.5612389658137016,0.1201049692110395,0.5352227057700535,0.22907499483526483,0.4919072879619025,0.42107204434527096,7184.40234375
confirmation,lowlight_s2,lowlight,2,3,energy,full,75350016.0,0.2563341459675337,0.6847505529171498,0.398273812256396,0.14653992331202,0.03608748912254386,0.11045243418947615,16642249.0,12095608.0,97.0,0.9396597208419969,float32,5.595123599981889,1.874131300020963,0.23278171950562868,0.21507930829411068,0.1968313231211323,0.5045694745668282,0.098420266923023,0.46830599381393656,0.18269357634996863,0.421353504617517,0.3287533351398944,7184.40234375
confirmation,lowlight_s2,lowlight,2,3,energy,boundary,7003338.0,0.47775917712382293,0.5437164347556408,0.520727554089792,0.4493872443082814,0.13849772480137693,0.31088951950690447,4678914.0,1434422.0,65.0,0.5367220602518399,float32,5.595123599981889,0.5375945999985561,0.46746797757577535,0.46048286611867806,0.4551702585929935,0.5860089614383994,0.06132892436704047,0.5703792761739399,0.11938639096281459,0.5468640677162611,0.228928820239881,7184.40234375
confirmation,lowlight_s2,lowlight,2,3,energy,interior,68346678.0,0.23364519633273179,0.6936619650293989,0.3796877082032144,0.1273104348229301,0.02971049936232409,0.09759993546060602,16360618.0,11652550.0,95.0,0.9311148963231248,float32,5.595123599981889,1.8337957999901846,0.20974168768437762,0.19245300928393685,0.17454972693610585,0.4911871359369614,0.10511389877043921,0.44877683402714896,0.19207621393611596,0.3984139536843633,0.34104186312960216,7184.40234375
confirmation,lowlight_s2,lowlight,2,3,local_disagreement,full,75350016.0,0.2563341459675337,0.5210982233043824,0.2743157383669663,0.2481826996300365,0.03608748912254386,0.21209521050749264,9.0,9.0,73315105.0,1.0,float32,1.5208586000371724,0.0001631999621167779,0.24807308125658417,0.24807308125658417,0.24807308125658417,0.41329436670470593,0.08061633519106487,0.33068372398064494,0.12900495183231206,0.28937840261861447,0.2257821851148064,7184.40234375
confirmation,lowlight_s2,lowlight,2,3,local_disagreement,boundary,7003338.0,0.47775917712382293,0.5123928392434255,0.48568357986782706,0.47129380857900205,0.13849772480137693,0.33279608377762515,9.0,9.0,6330720.0,1.0,float32,0.13807930005714297,0.0001385000068694353,0.47099445244774685,0.47099445244774685,0.4709944524477469,0.5528307258884144,0.05785664726451569,0.5386416798899408,0.11274337773204288,0.5048180661688436,0.21132747815454092,7184.40234375
confirmation,lowlight_s2,lowlight,2,3,local_disagreement,interior,68346678.0,0.23364519633273179,0.5181826493395035,0.24977829884687802,0.2270696753557411,0.02971049936232409,0.197359175993417,9.0,9.0,66984385.0,1.0,float32,1.3608592000091448,0.00023150001652538776,0.22700469669162449,0.22700469669162449,0.22700469669162449,0.35981468562740787,0.07700023407374161,0.2934096911595163,0.12557917061885515,0.2602071939255704,0.2227370437090821,7184.40234375
confirmation,lowlight_s3,lowlight,3,3,raw_msp,full,75350016.0,0.3258124590179251,0.7159192906888792,0.5260017255338181,0.18464851734126858,0.06001607317274744,0.12463244416852115,8798130.0,7479616.0,131768.0,0.9825014768410931,float32,5.784831100027077,0.9845147000160068,0.29401381423011147,0.2660958865420284,0.23854709142923314,0.6570018163233401,0.10082515769670469,0.6120002651919965,0.18783821205766751,0.5646787651814824,0.34662811659189535,7184.40234375
confirmation,lowlight_s3,lowlight,3,3,raw_msp,boundary,7003338.0,0.5176297359916086,0.5626242801498256,0.5824209106267516,0.47791509748123556,0.16596093787448205,0.31195415960675354,4179479.0,1560343.0,100.0,0.6260160512030121,float32,5.784831100027077,0.476768699940294,0.5029680287418461,0.4940318644446551,0.4858431805075824,0.6866523687269217,0.06632661505664891,0.6495843411857771,0.12549211946806962,0.6120215497177062,0.23647085240388221,7184.40234375
confirmation,lowlight_s3,lowlight,3,3,raw_msp,interior,68346678.0,0.3061573526660652,0.7247078575836292,0.5171011742863041,0.16707879940415304,0.052550873122015666,0.11452792628213737,8605399.0,7096352.0,131768.0,0.9779206971844338,float32,5.784831100027077,0.9267152999527752,0.2728257196251748,0.24382954502135676,0.21598936514314887,0.6527045644353171,0.10659626134262067,0.606142049133428,0.197983834649839,0.5554685806733163,0.3628647766193777,7184.40234375
confirmation,lowlight_s3,lowlight,3,3,calibrated_msp,full,75350016.0,0.3258124590179251,0.7162915386505051,0.5259831257720688,0.18406215681590352,0.06001607317274744,0.12404608364315609,10504872.0,9588531.0,2880.0,0.9878388745133113,float32,5.729974000016227,1.1494370000436902,0.2943324031312731,0.26631321396695784,0.23860163939925416,0.6548176477875233,0.1004899696780592,0.6091330168193718,0.1869581817072393,0.5638094389357826,0.3460944805888593,7184.40234375
confirmation,lowlight_s3,lowlight,3,3,calibrated_msp,boundary,7003338.0,0.5176297359916086,0.5690823396741135,0.5890452334368323,0.47447942572887625,0.16596093787448205,0.3085184878543942,4599942.0,1513857.0,65.0,0.5593408457509833,float32,5.729974000016227,0.5238963000010699,0.501596778044758,0.49091370883637464,0.4815213641983405,0.6921968660667625,0.06686218117058229,0.661927023391696,0.12787658173376115,0.6244934559795755,0.24128970609654368,7184.40234375
confirmation,lowlight_s3,lowlight,3,3,calibrated_msp,interior,68346678.0,0.3061573526660652,0.7248118312289235,0.5164377043153686,0.1665772736627999,0.052550873122015666,0.11402640054078422,10386150.0,9357709.0,2880.0,0.9849525824795756,float32,5.729974000016227,1.1222980000311509,0.273355389523401,0.24422620078667684,0.2161725175275003,0.6495373293918593,0.10607900524725687,0.6013750511629558,0.19642679279915173,0.5538819515446837,0.3618282970697312,7184.40234375
confirmation,lowlight_s3,lowlight,3,3,entropy,full,75350016.0,0.3258124590179251,0.6978170005888161,0.4979064017506405,0.19048281471530204,0.06001607317274744,0.1304667415425546,25623885.0,15219137.0,87.0,0.8619144553333605,float32,5.517386700026691,2.833347999956459,0.2988973279409844,0.276219940430338,0.25218829309308993,0.6172056755923887,0.09471794145280968,0.5680487027224561,0.17434837654455812,0.5241825284187052,0.32176949759702395,7184.40234375
confirmation,lowlight_s3,lowlight,3,3,entropy,boundary,7003338.0,0.5176297359916086,0.5615925025576463,0.5787437730154322,0.47709097188258287,0.16596093787448205,0.3111300340081008,5191326.0,1188317.0,64.0,0.4284141362304661,float32,5.517386700026691,0.5723773000063375,0.504029427233518,0.4947668710156281,0.4870619869666243,0.668983656369675,0.06461992046643215,0.640033184166412,0.12364694731452834,0.6090815239585683,0.23533489502186952,7184.40234375
confirmation,lowlight_s3,lowlight,3,3,entropy,interior,68346678.0,0.3061573526660652,0.7061745631048564,0.48662626019623045,0.17264017023399839,0.052550873122015666,0.12008929711198271,25167924.0,14468527.0,86.0,0.8434540300554183,float32,5.517386700026691,2.7568756999680772,0.2781658799395563,0.2547758492946521,0.23030319389839418,0.6103888921263513,0.09968548928721516,0.5580806070853285,0.18228555301917596,0.5116833765736682,0.3342617037226286,7184.40234375
confirmation,lowlight_s3,lowlight,3,3,probability_margin,full,75350016.0,0.3258124590179251,0.7146568177635013,0.5151004376493087,0.18481301786841,0.06001607317274744,0.12479694469566258,16252416.0,14702574.0,2098.0,0.9794314310430936,float32,5.880748499999754,1.8373728999868035,0.2955680537709827,0.2670008216487943,0.2389303493353484,0.6174686483162181,0.09475829791102834,0.5980121173159609,0.18354489906995422,0.5610589751668281,0.3444061081286685,7184.40234375
confirmation,lowlight_s3,lowlight,3,3,probability_margin,boundary,7003338.0,0.5176297359916086,0.5588980142510841,0.5688119730911716,0.47901493813557716,0.16596093787448205,0.3130540002610951,5067035.0,1268201.0,64.0,0.4575680911017004,float32,5.880748499999754,0.5742108999984339,0.5071063722779848,0.4969240564009559,0.48776379510425333,0.6200527177032673,0.05989347709989363,0.6123392552696285,0.11829680320958993,0.6004527839573689,0.23200095113672978,7184.40234375
confirmation,lowlight_s3,lowlight,3,3,probability_margin,interior,68346678.0,0.3061573526660652,0.7235606843824923,0.5064556447624461,0.16720808751273608,0.052550873122015666,0.11465721439072041,16060114.0,14164227.0,2098.0,0.9722607293363987,float32,5.880748499999754,1.8025453999871388,0.2741827306354387,0.24462995577528338,0.21622760433023447,0.6164878820741548,0.10068154410562223,0.5939289850760021,0.1939946884449681,0.5522669864871271,0.36077330682321174,7184.40234375
confirmation,lowlight_s3,lowlight,3,3,logit_margin,full,75350016.0,0.3258124590179251,0.7098320773883561,0.5074263887380346,0.18721004266110292,0.06001607317274744,0.12719396948835548,30814369.0,17717653.0,202.0,0.8261882784470809,float32,6.044750800007023,3.552333200001158,0.29693208797491233,0.26911113970728573,0.2417230467214606,0.6028741598210591,0.09251859085471943,0.5857358763806566,0.1797770132057981,0.5526177697099484,0.3392244733130878,7184.40234375
confirmation,lowlight_s3,lowlight,3,3,logit_margin,boundary,7003338.0,0.5176297359916086,0.5524312368574148,0.5621132936829464,0.4825153735769491,0.16596093787448205,0.3165544357024671,5766425.0,777905.0,88.0,0.28769395394024966,float32,6.044750800007023,0.6341886000009254,0.5085645656317899,0.4998389161169735,0.4915598417652642,0.6054539691061693,0.05848332310842959,0.5992164690942701,0.11576163395433069,0.5887933471743483,0.2274960167011665,7184.40234375
confirmation,lowlight_s3,lowlight,3,3,logit_margin,interior,68346678.0,0.3061573526660652,0.7188384841913666,0.4985941058846326,0.16945774622993307,0.052550873122015666,0.11690687310791739,29459695.0,16267935.0,195.0,0.806987546636868,float32,6.044750800007023,3.266188400099054,0.2755241248737584,0.24671793671466444,0.2189289164955764,0.6017609498650562,0.0982764193369694,0.5818563535200246,0.19005141162861094,0.5439150445932414,0.3553173267100085,7184.40234375
confirmation,lowlight_s3,lowlight,3,3,energy,full,75350016.0,0.3258124590179251,0.66337177850306,0.454817297543269,0.20882883219091364,0.06001607317274744,0.1488127590181662,15792729.0,11805520.0,134.0,0.947084165184517,float32,5.474692600080743,1.7801160999806598,0.3041711411550967,0.2842855795099352,0.26521821627417586,0.5353332354789023,0.08215359006082858,0.5205843342841847,0.15978037288349062,0.4919199629624391,0.30196511855873287,7184.40234375
confirmation,lowlight_s3,lowlight,3,3,energy,boundary,7003338.0,0.5176297359916086,0.5496924519022478,0.5594577708392432,0.480733132241049,0.16596093787448205,0.314772194366567,4691997.0,1449082.0,67.0,0.5369472385882275,float32,5.474692600080743,0.5427258999552578,0.5092893786376498,0.5007707038303695,0.4932747381503964,0.6015558290758409,0.05810678551094359,0.5926929150947976,0.11450135939727503,0.5850658400134793,0.22605579487224756,7184.40234375
confirmation,lowlight_s3,lowlight,3,3,energy,interior,68346678.0,0.3061573526660652,0.6717614642279914,0.4423032221074067,0.18947856177435798,0.052550873122015666,0.1369276886523423,15594100.0,11463882.0,90.0,0.9395695866886171,float32,5.474692600080743,1.7424396000569686,0.2832051911509336,0.26287998303063115,0.2435866932607761,0.5292552615576938,0.08643517335713663,0.5127267825347672,0.16747165896019517,0.4792668056444,0.3130852912696385,7184.40234375
confirmation,lowlight_s3,lowlight,3,3,local_disagreement,full,75350016.0,0.3258124590179251,0.5167265996263043,0.33963607833969794,0.3183644545218157,0.06001607317274744,0.2583483813490683,9.0,9.0,73297891.0,1.0,float32,1.5053096000337973,0.0001490999711677432,0.318262908819573,0.31826290881957303,0.31826290881957303,0.46925390477116913,0.07201288911667623,0.393758406795371,0.12085431873451002,0.35601065780747193,0.2185371779701776,7184.40234375
confirmation,lowlight_s3,lowlight,3,3,local_disagreement,boundary,7003338.0,0.5176297359916086,0.5075131556583208,0.5223512675425783,0.513755409557282,0.16596093787448205,0.3477944716828,9.0,9.0,6509218.0,1.0,float32,0.1594438999891281,0.00019100005738437176,0.5136274434194706,0.5136274434194706,0.5136274434194706,0.5767127948216285,0.055707093257826794,0.5536503577111817,0.10695879261282962,0.5336389005653261,0.2061856249191849,7184.40234375
confirmation,lowlight_s3,lowlight,3,3,local_disagreement,interior,68346678.0,0.3061573526660652,0.5159573732712501,0.3198735547244521,0.29930086820296653,0.052550873122015666,0.24674999508095086,9.0,9.0,66788673.0,1.0,float32,1.3726915000006557,0.00016850000247359276,0.2992226990346103,0.29922269903461024,0.29922269903461024,0.4379157676051921,0.07151808973495143,0.36856923331990127,0.12038556020152047,0.33389596617725575,0.21812050113465845,7184.40234375
confirmation,blur_s1,blur,1,3,raw_msp,full,75350016.0,0.24537497112143944,0.7570142428535721,0.4794806302794104,0.11447005695025905,0.03292213913940674,0.08154791781085231,7884917.0,6557915.0,820750.0,0.9823888292206866,float32,5.751513499999419,0.907066100044176,0.21056157696050057,0.1786923403616386,0.14998364363502908,0.5957494105509196,0.12139572334005155,0.558695538501516,0.2276905283398655,0.5121055044179152,0.41740649363124294,7184.40234375
confirmation,blur_s1,blur,1,3,raw_msp,boundary,7003338.0,0.4728162484803675,0.5734799084019172,0.542738059496837,0.424920783432049,0.13530998618360632,0.28961079724844263,4114774.0,1577239.0,2040.0,0.6376677807068573,float32,5.751513499999419,0.46883220004383475,0.4589079864815804,0.44825476991242214,0.4376892082286469,0.635365411360865,0.06718948374229756,0.5979908634070793,0.12647429865240925,0.5710618076517776,0.24155767597662786,7184.40234375
confirmation,blur_s1,blur,1,3,raw_msp,interior,68346678.0,0.22206954959829941,0.7639369350688205,0.4654310140705275,0.09968671857671836,0.02671709082054366,0.0729696277561747,7585165.0,6015836.0,818710.0,0.9770386938191787,float32,5.751513499999419,0.8447839999571443,0.18575925358707587,0.15408912086832227,0.12787017030297743,0.5890133458811266,0.1326191195917313,0.5488622124732321,0.24715780687950678,0.493991285102865,0.4448978263358503,7184.40234375
confirmation,blur_s1,blur,1,3,calibrated_msp,full,75350016.0,0.24537497112143944,0.7575092673165457,0.4808491847723666,0.11425839088286657,0.03292213913940674,0.08133625174345983,9422324.0,8488678.0,16438.0,0.9876092129827816,float32,5.912494299933314,1.0755888000130653,0.21025703525981673,0.17838802611627394,0.15009096025990099,0.5984674589336539,0.12194957944742087,0.5614364136864197,0.22880754337928785,0.513322752491196,0.4183986470952543,7184.40234375
confirmation,blur_s1,blur,1,3,calibrated_msp,boundary,7003338.0,0.4728162484803675,0.5747921565891683,0.5455951726746866,0.42448831918051505,0.13530998618360632,0.28917833299690876,4527245.0,1548845.0,64.0,0.5747170849100814,float32,5.912494299933314,0.5096682999283075,0.45762314959293227,0.44689693540812947,0.4363747331119831,0.6377100069395459,0.06743742321728195,0.6095548695336797,0.12892007107799613,0.5764935016720594,0.2438552685779448,7184.40234375
confirmation,blur_s1,blur,1,3,calibrated_msp,interior,68346678.0,0.22206954959829941,0.7643902533910601,0.4664100232241792,0.09948985423680645,0.02671709082054366,0.07277276341626279,9213179.0,8144528.0,16438.0,0.9843642583477137,float32,5.912494299933314,1.032356800045818,0.18553327739520661,0.15384508229182486,0.1279432459270585,0.5898943445387544,0.13281748057481113,0.5508960347452136,0.24807365614167506,0.494967421972801,0.4457769535284492,7184.40234375
confirmation,blur_s1,blur,1,3,entropy,full,75350016.0,0.24537497112143944,0.7374083203299696,0.44120703441729137,0.11960685967566147,0.03292213913940674,0.08668472053625473,30274957.0,15898526.0,81.0,0.8092046722325845,float32,5.587605000007898,3.5221794999670237,0.21686809329762738,0.19028049424386598,0.16477577064538348,0.5339361555577556,0.10880005027852224,0.501936893978263,0.20455913589306685,0.465752873500675,0.37962543294192236,7184.40234375
confirmation,blur_s1,blur,1,3,entropy,boundary,7003338.0,0.4728162484803675,0.5543868128541574,0.5266128982128961,0.43517472357822384,0.13530998618360632,0.2998647373946175,5221579.0,1173923.0,64.0,0.4220390333866508,float32,5.587605000007898,0.5673340000212193,0.46093950425233676,0.45357419702138496,0.4471067574505792,0.6060079904731172,0.06408495535881463,0.579707682334429,0.12260742936593934,0.5497848169587654,0.23255756363377195,7184.40234375
confirmation,blur_s1,blur,1,3,entropy,interior,68346678.0,0.22206954959829941,0.7447009523386481,0.4228780749037926,0.10417704753370839,0.02671709082054366,0.07745995671316473,29607497.0,14937878.0,80.0,0.7853645644635427,float32,5.587605000007898,3.3950469999108464,0.19290201838667045,0.16633394201323937,0.14149754377237478,0.5163848778024037,0.11626647909342878,0.48457738378243653,0.21820974502761403,0.44501199619352394,0.4007861591296082,7184.40234375
confirmation,blur_s1,blur,1,3,probability_margin,full,75350016.0,0.24537497112143944,0.7557837600891846,0.4687591526217687,0.1147351871070506,0.03292213913940674,0.08181304796764387,15869402.0,13857427.0,11241.0,0.97329828038789,float32,6.476718600024469,1.8374392000259832,0.21156404669378898,0.17927229378666523,0.15018201152366786,0.5711004645860932,0.11637301316698932,0.5496732449440624,0.22401358688362297,0.5097856642904673,0.4155156404280857,7184.40234375
confirmation,blur_s1,blur,1,3,probability_margin,boundary,7003338.0,0.4728162484803675,0.570476872390537,0.5322058227881061,0.4260746572140413,0.13530998618360632,0.290764671030435,5071027.0,1263797.0,64.0,0.4563692342137421,float32,6.476718600024469,0.5788459000177681,0.4612366640991083,0.45002231971143764,0.4391301536389685,0.5823735531903349,0.06158562881195618,0.5770318162476761,0.12204148712949507,0.5639919666901793,0.2385671514321298,7184.40234375
confirmation,blur_s1,blur,1,3,probability_margin,interior,68346678.0,0.22206954959829941,0.7627575249553112,0.4545528967645008,0.09993157318270973,0.02671709082054366,0.07321448236216607,15514675.0,13080210.0,11241.0,0.9643806389536592,float32,6.476718600024469,1.749364999937825,0.18666875830617397,0.15452258412288494,0.12803013209441153,0.566516152383966,0.12755377087638933,0.5406767171635632,0.24347180149785755,0.49225741469812434,0.4433362700949207,7184.40234375
confirmation,blur_s1,blur,1,3,logit_margin,full,75350016.0,0.24537497112143944,0.7523334443431763,0.4626691523689353,0.1159315668172672,0.03292213913940674,0.08300942767786046,29820673.0,17532399.0,221.0,0.8369174334349179,float32,6.487084100022912,3.4669555999571458,0.21249306661658926,0.18080807315021646,0.15199700779288855,0.5606839918556094,0.11425045086248002,0.5413121323657246,0.22060610282606832,0.5036425338705949,0.4105085032144504,7184.40234375
confirmation,blur_s1,blur,1,3,logit_margin,boundary,7003338.0,0.4728162484803675,0.5666799682311091,0.5281580573309208,0.4281038142131535,0.13530998618360632,0.29279382802954723,5589894.0,870781.0,89.0,0.3261623243087796,float32,6.487084100022912,0.6187433999730274,0.46209791996039984,0.4515676540707102,0.44119406723772764,0.5733664223070706,0.06063313051219887,0.5692812286708914,0.12040224782350817,0.5578106303563728,0.23595246206012638,7184.40234375
confirmation,blur_s1,blur,1,3,logit_margin,interior,68346678.0,0.22206954959829941,0.7593301515182825,0.4481451057179099,0.10102580114584384,0.02671709082054366,0.07430871032530018,28309911.0,16144442.0,221.0,0.8220035068858796,float32,6.487084100022912,3.4145590000553057,0.1875662380799093,0.15596427730064144,0.12974800217588167,0.5556246477517269,0.12510149748486532,0.5325993888803378,0.239834504743665,0.48649066996168866,0.4381426315113176,7184.40234375
confirmation,blur_s1,blur,1,3,energy,full,75350016.0,0.24537497112143944,0.6910053038548399,0.3922112093811611,0.13674852778521954,0.03292213913940674,0.1038263886458128,16761366.0,12214336.0,98.0,0.9396545582684415,float32,6.254044399945997,1.9403482000343502,0.2211310339548754,0.20231397244205784,0.18462238192305275,0.4993064557722933,0.10174356414517052,0.463570475699736,0.18892330305327695,0.41761897047642166,0.34039249458681375,7184.40234375
confirmation,blur_s1,blur,1,3,energy,boundary,7003338.0,0.4728162484803675,0.5401030842031882,0.5122703520608445,0.4463456349688756,0.13530998618360632,0.31103564878526924,4683641.0,1429467.0,64.0,0.5353395766418814,float32,6.254044399945997,0.5332716000266373,0.4629171323836805,0.4565693755710446,0.4525126485592484,0.5769218687083592,0.0610091166831557,0.5619090319761714,0.11884303770250404,0.5378037479259896,0.22748960224589074,7184.40234375
confirmation,blur_s1,blur,1,3,energy,interior,68346678.0,0.22206954959829941,0.6979125685930724,0.3708630628627098,0.11884045986481936,0.02671709082054366,0.0921233690442757,16430452.0,11727787.0,91.0,0.9311939491777493,float32,6.254044399945997,1.8417544999392703,0.1978089417365984,0.17970435721022102,0.1629751312043927,0.481849301238919,0.10849063192380197,0.4404150428374867,0.19832302831335094,0.39153035670496356,0.35261959045748387,7184.40234375
confirmation,blur_s1,blur,1,3,local_disagreement,full,75350016.0,0.24537497112143944,0.5219851589886229,0.26430818484760166,0.23712580127095312,0.03292213913940674,0.2042036621315464,9.0,9.0,73342439.0,1.0,float32,1.513002899941057,0.004617099999450147,0.2370165246345298,0.23701652463452982,0.23701652463452982,0.40418544549846164,0.08236077728458444,0.32060098506649565,0.13065758117893697,0.2788087548505128,0.22725118896764215,7184.40234375
confirmation,blur_s1,blur,1,3,local_disagreement,boundary,7003338.0,0.4728162484803675,0.5134304687484779,0.48155625516250733,0.4658048645822842,0.13530998618360632,0.33049487839867786,9.0,9.0,6300846.0,1.0,float32,0.14269529993180186,0.00014270003885030746,0.4654857049716889,0.4654674943650424,0.46546749436504237,0.5510482325344829,0.058272996293260236,0.5387911950107115,0.11395364491160295,0.5022112544484546,0.2124340690418749,7184.40234375
confirmation,blur_s1,blur,1,3,local_disagreement,interior,68346678.0,0.22206954959829941,0.5185302333888784,0.2386815250185735,0.2156068523298695,0.02671709082054366,0.18888976150932585,9.0,9.0,67041593.0,1.0,float32,1.3567228000611067,0.00025050004478543997,0.21554575828769462,0.21554575828769462,0.21554575828769462,0.34602158068173144,0.07790838307933974,0.280783669484713,0.1264395223068968,0.24816471388620395,0.22350180076201107,7184.40234375
confirmation,blur_s2,blur,2,3,raw_msp,full,75350016.0,0.2655112773964109,0.7491853079217216,0.49000391580220204,0.1288560975845938,0.038862279265649134,0.08999381831894465,7750091.0,6398371.0,800106.0,0.9820607868218635,float32,5.6230572001077235,0.8719077999703586,0.2320562754428352,0.201351068056339,0.17191000354687566,0.6013539023802327,0.11324451831204739,0.566606299507286,0.21340198244761055,0.5221521341334747,0.39331825523376934,7184.40234375
confirmation,blur_s2,blur,2,3,raw_msp,boundary,7003338.0,0.4906848705574399,0.5646547062122065,0.552021195693366,0.44798537454342297,0.14705589175166747,0.30092948279175546,3918485.0,1505789.0,2660.0,0.6554934232790135,float32,5.6230572001077235,0.4438503000419587,0.4783261317419231,0.46878194346946306,0.45912490308193826,0.6351359970147573,0.06471935620046214,0.6019142294962118,0.12266822099200567,0.578296212949821,0.23570988746467267,7184.40234375
confirmation,blur_s2,blur,2,3,raw_msp,interior,68346678.0,0.242438220625734,0.758042655164485,0.47762572253677416,0.11251994445349944,0.03210105016504079,0.08041889428845865,7460249.0,5883284.0,797446.0,0.9769269692961522,float32,5.6230572001077235,0.8146128000225872,0.20745986232401561,0.17647953833455293,0.14798062840573006,0.5958188459190702,0.12288055526402869,0.5572435022935034,0.2298496982701973,0.5062729546629039,0.41765111802178984,7184.40234375
confirmation,blur_s2,blur,2,3,calibrated_msp,full,75350016.0,0.2655112773964109,0.7493494321726072,0.49307739891635716,0.12902388334897477,0.038862279265649134,0.09016160408332563,9271514.0,8325401.0,23432.0,0.98744375847246,float32,5.722226599929854,1.0546080999774858,0.2313055523175804,0.20066075300945937,0.17140413412193578,0.6119588289425802,0.11524159490128075,0.5733628206070814,0.21594670353242598,0.5249133709586274,0.39539819473676235,7184.40234375
confirmation,blur_s2,blur,2,3,calibrated_msp,boundary,7003338.0,0.4906848705574399,0.5670053115255534,0.5570263281756263,0.4476678884809845,0.14705589175166747,0.30061199672931704,4580780.0,1546957.0,65.0,0.5668032872324598,float32,5.722226599929854,0.5187009000219405,0.4762015895592658,0.4662870620102448,0.45689045857108557,0.6471540721998361,0.06594397910390777,0.6210351061065149,0.126564995320728,0.588275737005486,0.23977747850095682,7184.40234375
confirmation,blur_s2,blur,2,3,calibrated_msp,interior,68346678.0,0.242438220625734,0.757883453091544,0.48004923095856034,0.11274537322656544,0.03210105016504079,0.08064432306152465,9065503.0,7987889.0,23432.0,0.9842331181041455,float32,5.722226599929854,1.0290094999363646,0.2068326298094855,0.1759578656085862,0.14771847197410776,0.6033776622361174,0.12443947128781575,0.562888570447021,0.2321781546926776,0.5083596442222421,0.41937253770142147,7184.40234375
confirmation,blur_s2,blur,2,3,entropy,full,75350016.0,0.2655112773964109,0.7324003494294619,0.46113359515813995,0.13403506698083112,0.038862279265649134,0.09517278771518198,30500108.0,16085952.0,86.0,0.8087040087688899,float32,5.629463199991733,3.5737917999504134,0.23685123419938786,0.20971047709817656,0.1839343832171277,0.5522559914383566,0.10399859963964313,0.5234516384809379,0.19714856235170686,0.48871448778077864,0.36813088959292656,7184.40234375
confirmation,blur_s2,blur,2,3,entropy,boundary,7003338.0,0.4906848705574399,0.5517954021292493,0.5422698245344282,0.4554729248359236,0.14705589175166747,0.30841703308425616,5322873.0,1109969.0,64.0,0.39844342797677335,float32,5.629463199991733,0.5801994999637827,0.4790440432777699,0.4718872480643607,0.4654208798783111,0.6184898919658335,0.06302314435437686,0.5954515988085685,0.12135115724681879,0.5658757107323077,0.23064736913170406,7184.40234375
confirmation,blur_s2,blur,2,3,entropy,interior,68346678.0,0.242438220625734,0.7406465656795249,0.44448282539716244,0.11737362176850177,0.03210105016504079,0.08527257160346098,29750480.0,15052162.0,86.0,0.7849446610996953,float32,5.629463199991733,3.4250132999150082,0.21275141424547694,0.18581080055407959,0.1599603910107451,0.5340982180846239,0.11015140936425062,0.5096194870036116,0.21020592404987204,0.4689479064674392,0.38685972779350347,7184.40234375
confirmation,blur_s2,blur,2,3,probability_margin,full,75350016.0,0.2655112773964109,0.7478844222078995,0.48013459239656453,0.1293141933817346,0.038862279265649134,0.09045191411608547,15804785.0,13737661.0,15257.0,0.9725663760973853,float32,5.897079200018197,1.775434899958782,0.23304059727775625,0.20177656564208107,0.17220234967431614,0.5787958649513298,0.10899648055492978,0.5577474033848964,0.21006543995512614,0.5204501272859648,0.3920361952365055,7184.40234375
confirmation,blur_s2,blur,2,3,probability_margin,boundary,7003338.0,0.4906848705574399,0.5618521451208188,0.5428911913527679,0.4492544577390479,0.14705589175166747,0.3021985659873804,5192180.0,1204534.0,64.0,0.43060780444982094,float32,5.897079200018197,0.5707989999791607,0.4805594580151319,0.47051458928151313,0.4601966368285167,0.5885591731945043,0.05997325132579373,0.5818138202629032,0.11857182100504243,0.5713659482475505,0.23288515530061413,7184.40234375
confirmation,blur_s2,blur,2,3,probability_margin,interior,68346678.0,0.242438220625734,0.7567635067695654,0.46751822733421383,0.11295541961903506,0.03210105016504079,0.08085436945399427,15443078.0,12957125.0,15257.0,0.9636273031441265,float32,5.897079200018197,1.7212988999672234,0.20830470003655058,0.1768302152746035,0.14830205982420505,0.5754203422902181,0.11867360634048099,0.5496400117752611,0.2267134391765959,0.5048702438801709,0.4164939483146706,7184.40234375
confirmation,blur_s2,blur,2,3,logit_margin,full,75350016.0,0.2655112773964109,0.7451554704052656,0.47480581691179163,0.13025352466926615,0.038862279265649134,0.09139124540361701,29602746.0,17490248.0,240.0,0.8392502265692949,float32,5.974583599949256,3.3284727000864223,0.23400686411409036,0.20325888947635098,0.1738339162762917,0.5696382695054361,0.10727195946832492,0.5490510818709803,0.20679012823923928,0.5145208322439728,0.3875698724385479,7184.40234375
confirmation,blur_s2,blur,2,3,logit_margin,boundary,7003338.0,0.4906848705574399,0.5586537998325886,0.5391319403906054,0.45044356794975665,0.14705589175166747,0.30338767619808915,5667334.0,831280.0,119.0,0.30946442967624865,float32,5.974583599949256,0.6204752000048757,0.48136150931182825,0.47211981570932865,0.46264444896383095,0.579532051849546,0.059053401900575946,0.5745944078111301,0.11710052752389688,0.5649454403184766,0.23026819678084712,7184.40234375
confirmation,blur_s2,blur,2,3,logit_margin,interior,68346678.0,0.242438220625734,0.7541676731921194,0.4620571724696467,0.11380052521529102,0.03210105016504079,0.08169947505025023,28129475.0,16108489.0,223.0,0.8241174794186779,float32,5.974583599949256,3.104068599990569,0.2092575383366998,0.17820893381743147,0.14980370558293407,0.5660376187987477,0.11673853114032975,0.5410643209004447,0.2231761705464148,0.49935534542424004,0.4119444192816023,7184.40234375
confirmation,blur_s2,blur,2,3,energy,full,75350016.0,0.2655112773964109,0.6833067807995742,0.4086022069460309,0.15564827885739332,0.038862279265649134,0.11678599959174418,17121163.0,12409517.0,94.0,0.9374698739280958,float32,5.745272299973294,1.9084476000862196,0.24084054246688583,0.2206947479047039,0.20238789949464794,0.51176801280212,0.09637406836123799,0.48754793517860595,0.18362608392428528,0.44477738088794855,0.33503466132262316,7184.40234375
confirmation,blur_s2,blur,2,3,energy,boundary,7003338.0,0.4906848705574399,0.538979335757173,0.5317496364297761,0.4644611156722718,0.14705589175166747,0.31740522392060433,4814356.0,1376510.0,64.0,0.5091132257217915,float32,5.745272299973294,0.5316373999230564,0.48013844190191823,0.47443519944921514,0.4707004026854947,0.6044761499513092,0.06159516614907558,0.5856034406440356,0.11934413368284313,0.555683431048614,0.22649306024388086,7184.40234375
confirmation,blur_s2,blur,2,3,energy,interior,68346678.0,0.242438220625734,0.6900182713696542,0.38789678306305736,0.13693359753936293,0.03210105016504079,0.10483254737432214,16743063.0,11881136.0,89.0,0.9288637408243895,float32,5.745272299973294,1.8653865000233054,0.21741213679390192,0.19776843668242666,0.18015971445297876,0.4961294389134922,0.1023207999446223,0.4676729725569698,0.19290398396557312,0.421117356911764,0.34740179840277485,7184.40234375
confirmation,blur_s2,blur,2,3,local_disagreement,full,75350016.0,0.2655112773964109,0.5190611652041114,0.28165949139926205,0.25798351545940507,0.038862279265649134,0.21912123619375592,9.0,9.0,73443848.0,1.0,float32,1.5275572000537068,0.00022639997769147158,0.2578885981028663,0.2578885981028663,0.2578885981028663,0.4103421758806706,0.07727396773645927,0.3341153869917687,0.12583849846409473,0.2960019925473174,0.22296755991936548,7184.40234375
confirmation,blur_s2,blur,2,3,local_disagreement,boundary,7003338.0,0.4906848705574399,0.5097830396840602,0.4969769601664997,0.48559940124791534,0.14705589175166747,0.3385435094962479,9.0,9.0,6394331.0,1.0,float32,0.13849050004500896,0.0002297000028192997,0.48539260792098504,0.48539260792098504,0.485392607920985,0.556322121350969,0.05668834659527811,0.538315219171995,0.1097069433364606,0.51185391354649,0.2086284254655221,7184.40234375
confirmation,blur_s2,blur,2,3,local_disagreement,interior,68346678.0,0.242438220625734,0.516688301319126,0.2571388025478691,0.23625054664535228,0.03210105016504079,0.2041494964803115,9.0,9.0,67049517.0,1.0,float32,1.3517797000240535,0.0001713000237941742,0.2361921563133706,0.2361921563133706,0.23619215631337062,0.36111343890511965,0.0744753546986516,0.2986527976092451,0.12318717963602104,0.2674224769613079,0.2206108295107599,7184.40234375
confirmation,blur_s3,blur,3,3,raw_msp,full,75350016.0,0.294455823340502,0.732899084924972,0.5019102247003797,0.15363441581907483,0.04837196824656824,0.10526244757250659,7733173.0,6442938.0,588394.0,0.9828767786857537,float32,5.684820799971931,0.8801966999890283,0.26324780139029685,0.23384379495737667,0.20464893122658373,0.6076667265649034,0.10318470728978547,0.5753280490171071,0.19538689132781703,0.536903921856955,0.36467538272316835,7184.40234375
confirmation,blur_s3,blur,3,3,raw_msp,boundary,7003338.0,0.5085386425730131,0.5606560032531406,0.56664284574922,0.46735687227453715,0.15941827276873716,0.3079385995058,3791882.0,1457038.0,1692.0,0.6666098366236215,float32,5.684820799971931,0.4306368000106886,0.4969034611268752,0.4883369021668415,0.47944623146062787,0.6480764892180017,0.06371951116786673,0.6132545328371891,0.12059156505126538,0.589345940651175,0.23178026589035758,7184.40234375
confirmation,blur_s3,blur,3,3,raw_msp,interior,68346678.0,0.2725192144671611,0.7422662651965072,0.49049249861695676,0.1360518699482643,0.04105833201512642,0.09499353793313788,7479590.0,5995522.0,586702.0,0.9782861721530928,float32,5.684820799971931,0.8174310000613332,0.23975667126213773,0.20957512511169388,0.18067568460215758,0.6013553255256876,0.1103326501763711,0.5673822049586023,0.20819897880266294,0.5242955682495686,0.3847769667301657,7184.40234375
confirmation,blur_s3,blur,3,3,calibrated_msp,full,75350016.0,0.294455823340502,0.7326261208124974,0.5052106589854215,0.1541355837206461,0.04837196824656824,0.10576361547407785,9197123.0,8295487.0,15689.0,0.988034030410823,float32,5.734749400056899,1.0558426999486983,0.26227529404808064,0.2329277450553967,0.20443658255305733,0.6201028745579628,0.10529642450973306,0.5840806235574546,0.19835934909947464,0.5405681378717617,0.3671641881186633,7184.40234375
confirmation,blur_s3,blur,3,3,calibrated_msp,boundary,7003338.0,0.5085386425730131,0.561495683292496,0.5701428412198073,0.46798672829093696,0.15941827276873716,0.3085684555221998,4598659.0,1551619.0,64.0,0.5649160443205797,float32,5.734749400056899,0.526395499939099,0.49517650707876637,0.48579888651918585,0.4777861048720233,0.6549103713371048,0.06439142510897192,0.6287985446943887,0.12364816979964442,0.5994975254664203,0.23577272068708746,7184.40234375
confirmation,blur_s3,blur,3,3,calibrated_msp,interior,68346678.0,0.2725192144671611,0.7416637167340934,0.49334673514729355,0.13658946245029074,0.04105833201512642,0.09553113043516433,9008213.0,7995306.0,15689.0,0.9851798649233544,float32,5.734749400056899,1.001496999990195,0.23894760163181789,0.20883127038561475,0.18066878053954968,0.61283576612646,0.11243900457768674,0.5746637583566605,0.21087092016480596,0.5272709987116012,0.3869606149950552,7184.40234375
confirmation,blur_s3,blur,3,3,entropy,full,75350016.0,0.294455823340502,0.7163240516010065,0.4759034058786069,0.15951023514559087,0.04837196824656824,0.11113826689902263,29674678.0,16012201.0,84.0,0.8186798394309565,float32,5.5899800000479445,3.51491469994653,0.26754819710649624,0.24171373353884312,0.2163475395821044,0.5636080786707157,0.09570333882282217,0.5366244538930888,0.18224278137626568,0.5054241893735102,0.3432937480878346,7184.40234375
confirmation,blur_s3,blur,3,3,entropy,boundary,7003338.0,0.5085386425730131,0.5481455541375829,0.5548849497138965,0.474727763097234,0.15941827276873716,0.31530949032849687,5385125.0,1071104.0,64.0,0.3840050273169737,float32,5.5899800000479445,0.5983928999630734,0.49882095920913916,0.4923016182817089,0.48556494586153504,0.620566758146827,0.061014727634784306,0.5959970528347902,0.1171980205915089,0.5734867220497648,0.22554309065812186,7184.40234375
confirmation,blur_s3,blur,3,3,entropy,interior,68346678.0,0.2725192144671611,0.7246841399901903,0.4608069980768329,0.14175198274323422,0.04105833201512642,0.1006936507281078,28901060.0,14994978.0,82.0,0.7965360949949901,float32,5.5899800000479445,3.255437499959953,0.244571335290382,0.21866791027744956,0.19319709164812934,0.5504278481412705,0.10098881749024997,0.5240501806378891,0.1922984392119247,0.48792445612086305,0.3580844538634072,7184.40234375
confirmation,blur_s3,blur,3,3,probability_margin,full,75350016.0,0.294455823340502,0.7314778176343253,0.4927628921229439,0.15431361357920134,0.04837196824656824,0.1059416453326331,15849939.0,13854989.0,9674.0,0.9735242259271717,float32,5.87898659997154,1.7838758999714628,0.26412391857466966,0.23427464534001785,0.2048997163940355,0.5853804873385756,0.09940039761701758,0.5674429814351741,0.19270904719110987,0.5351805259419086,0.3635048193517379,7184.40234375
confirmation,blur_s3,blur,3,3,probability_margin,boundary,7003338.0,0.5085386425730131,0.5580582133332194,0.5572018370685903,0.4686410960043013,0.15941827276873716,0.30922282323556416,5249012.0,1177214.0,64.0,0.4185918200720856,float32,5.87898659997154,0.5702010999666527,0.4988147716842998,0.48964877644966126,0.48044568675443294,0.6009861009175622,0.05908953835890144,0.5960541684396302,0.11720925191522148,0.584098087483972,0.22971636976662432,7184.40234375
confirmation,blur_s3,blur,3,3,probability_margin,interior,68346678.0,0.2725192144671611,0.7408677000776759,0.4813603552764672,0.13669979134521704,0.04105833201512642,0.09564145933009062,15524542.0,13129578.0,9674.0,0.9649585895015995,float32,5.87898659997154,1.7392006000736728,0.24052777269792075,0.20994132188659326,0.18087698900615404,0.5810274910207782,0.10660303515830717,0.5604422555711558,0.205652387875452,0.5228307846604009,0.38370197197436834,7184.40234375
confirmation,blur_s3,blur,3,3,logit_margin,full,75350016.0,0.294455823340502,0.7294179732849669,0.4882844701413255,0.15506224348794592,0.04837196824656824,0.10669027524137768,29095326.0,17271875.0,256.0,0.8430862841488979,float32,5.8860936999553815,3.2611743999877945,0.2650408320340267,0.23568505202545328,0.20637097399845128,0.5763135829293742,0.09786079402085458,0.5591908270230055,0.18990653686659964,0.5295388773619436,0.359672904047464,7184.40234375
confirmation,blur_s3,blur,3,3,logit_margin,boundary,7003338.0,0.5085386425730131,0.5561533229968743,0.5541753422320692,0.4689700381240601,0.15941827276873716,0.3095517653553229,5683645.0,822993.0,102.0,0.30595210455357147,float32,5.8860936999553815,0.6212633999530226,0.4996714001231688,0.49101758786121835,0.4821063912986806,0.591797627988931,0.058186118757770675,0.5883440377496073,0.1156931168083873,0.5786224858424694,0.22756290383628325,7184.40234375
confirmation,blur_s3,blur,3,3,logit_margin,interior,68346678.0,0.2725192144671611,0.7389529449533218,0.4768477713553503,0.13738812822958368,0.04105833201512642,0.09632979621445727,27718103.0,15932439.0,256.0,0.8275605436155946,float32,5.8860936999553815,3.0168383999262005,0.2414546323318872,0.2112420495633813,0.18216014259236132,0.5721381053183564,0.10497207016746625,0.5521005555792907,0.20259142931064966,0.517627882176899,0.3798835970785467,7184.40234375
confirmation,blur_s3,blur,3,3,energy,full,75350016.0,0.294455823340502,0.6619333260063888,0.4216999159244965,0.1875030739949857,0.04837196824656824,0.13913110574841747,17219828.0,12520470.0,94.0,0.937632952858298,float32,5.502004299894907,1.9113789000548422,0.27240501237078546,0.2539200165733209,0.23543616423278674,0.5181591192676525,0.08798588883318623,0.49291307421019925,0.16739798003817596,0.456599069250413,0.3101307953833488,7184.40234375
confirmation,blur_s3,blur,3,3,energy,boundary,7003338.0,0.5085386425730131,0.5349454737147935,0.5441392911615355,0.48548312229568086,0.15941827276873716,0.3260648495269437,4898490.0,1338765.0,64.0,0.4917102387461522,float32,5.502004299894907,0.5350941000506282,0.4996621452783236,0.493982066767797,0.49030982570149706,0.6074730057372625,0.05972733715422966,0.5884263794132514,0.11570930863340623,0.5667645723326299,0.22289937744772662,7184.40234375
confirmation,blur_s3,blur,3,3,energy,interior,68346678.0,0.2725192144671611,0.6680295726469964,0.4028680541123638,0.16798909938267192,0.04105833201512642,0.1269307673675455,16837710.0,11990068.0,92.0,0.9290727487881708,float32,5.502004299894907,1.8678363000508398,0.2500084035078396,0.2317673941781024,0.21341961961784117,0.504577398638822,0.09257648389869033,0.4751164796885526,0.17434238335107846,0.4355264839604386,0.3196299369617828,7184.40234375
confirmation,blur_s3,blur,3,3,local_disagreement,full,75350016.0,0.294455823340502,0.5162055286255316,0.30785109913997194,0.28764071269494007,0.04837196824656824,0.23926874444837182,9.0,9.0,73513492.0,1.0,float32,1.5028559000929818,0.00016980001237243414,0.28755771797644986,0.2875577179764498,0.2875577179764498,0.425519817933694,0.07225529379845254,0.3565387679550723,0.12108396527442743,0.3220482429657609,0.21874130822637688,7184.40234375
confirmation,blur_s3,blur,3,3,local_disagreement,boundary,7003338.0,0.5085386425730131,0.5079844977660202,0.5135805228722239,0.504414118093214,0.15941827276873716,0.34499584532447686,9.0,9.0,6498723.0,1.0,float32,0.14058859995566308,0.0002674000570550561,0.5042744551506504,0.5042744551506504,0.5042744551506503,0.570091679499167,0.056051968776691184,0.546916317196695,0.10754668919884446,0.5255953861736726,0.206708199641582,7184.40234375
confirmation,blur_s3,blur,3,3,local_disagreement,interior,68346678.0,0.2725192144671611,0.5147869945546977,0.2851445707918445,0.26659927820598867,0.04105833201512642,0.22554094619086223,9.0,9.0,67014769.0,1.0,float32,1.3654513000510633,0.00016029994003474712,0.2665417230640607,0.2665417230640607,0.2665417230640607,0.3860915476277319,0.07083749299671684,0.3263166353458964,0.11974078434534896,0.2964291792049786,0.2175473670426132,7184.40234375
